{"1": {"global_step": 571, "best_epoch": 1, "acc": 0.4384615421295166, "best_acc": 0.4384615421295166, "loss": 6.483097545737352, "epoch_time": 1713.4266684055328}, "2": {"global_step": 1142, "best_epoch": 1, "acc": 0.4076923131942749, "best_acc": 0.4384615421295166, "loss": 5.611220581727771, "epoch_time": 1707.2987704277039}, "3": {"global_step": 1713, "best_epoch": 3, "acc": 0.5076923370361328, "best_acc": 0.5076923370361328, "loss": 4.933162915936284, "epoch_time": 1699.092796087265}, "4": {"global_step": 2284, "best_epoch": 4, "acc": 0.6307692527770996, "best_acc": 0.6307692527770996, "loss": 4.3580820476946185, "epoch_time": 1657.7247350215912}, "5": {"global_step": 2855, "best_epoch": 4, "acc": 0.5769230723381042, "best_acc": 0.6307692527770996, "loss": 3.8858687857404064, "epoch_time": 1653.7685675621033}, "6": {"global_step": 3426, "best_epoch": 6, "acc": 0.7615384459495544, "best_acc": 0.7615384459495544, "loss": 3.50246904763435, "epoch_time": 1676.4755849838257}, "7": {"global_step": 3997, "best_epoch": 6, "acc": 0.7307692170143127, "best_acc": 0.7615384459495544, "loss": 3.1876376068887335, "epoch_time": 1698.209300518036}, "8": {"global_step": 4568, "best_epoch": 6, "acc": 0.6769230961799622, "best_acc": 0.7615384459495544, "loss": 2.925417980926206, "epoch_time": 1703.674350976944}, "9": {"global_step": 5139, "best_epoch": 6, "acc": 0.7153846025466919, "best_acc": 0.7615384459495544, "loss": 2.6988681423499394, "epoch_time": 1695.146832704544}, "10": {"global_step": 5710, "best_epoch": 6, "acc": 0.7076923251152039, "best_acc": 0.7615384459495544, "loss": 2.5062033569123825, "epoch_time": 1661.0635733604431}, "11": {"global_step": 6281, "best_epoch": 6, "acc": 0.7615384459495544, "best_acc": 0.7615384459495544, "loss": 0.7069495937765793, "epoch_time": 1665.9678628444672}, "12": {"global_step": 6852, "best_epoch": 6, "acc": 0.7384615540504456, "best_acc": 0.7615384459495544, "loss": 0.6712034222802014, "epoch_time": 1667.1524500846863}, "13": {"global_step": 7423, "best_epoch": 6, "acc": 0.7153846025466919, "best_acc": 0.7615384459495544, "loss": 0.6263318160212813, "epoch_time": 1666.118595123291}, "14": {"global_step": 7994, "best_epoch": 14, "acc": 0.8153846263885498, "best_acc": 0.8153846263885498, "loss": 0.5863538709666495, "epoch_time": 1673.7578673362732}, "15": {"global_step": 8565, "best_epoch": 14, "acc": 0.6846153736114502, "best_acc": 0.8153846263885498, "loss": 0.558583011121967, "epoch_time": 1710.913064956665}, "16": {"global_step": 9136, "best_epoch": 14, "acc": 0.7692307829856873, "best_acc": 0.8153846263885498, "loss": 0.5348152340598017, "epoch_time": 1723.1328682899475}, "17": {"global_step": 9707, "best_epoch": 14, "acc": 0.7230769395828247, "best_acc": 0.8153846263885498, "loss": 0.5133191357598115, "epoch_time": 1723.1637198925018}, "18": {"global_step": 10278, "best_epoch": 14, "acc": 0.7307692170143127, "best_acc": 0.8153846263885498, "loss": 0.49008413166420994, "epoch_time": 1716.1879925727844}, "19": {"global_step": 10849, "best_epoch": 14, "acc": 0.7307692170143127, "best_acc": 0.8153846263885498, "loss": 0.4726408844482785, "epoch_time": 1715.2067880630493}, "20": {"global_step": 11420, "best_epoch": 14, "acc": 0.7307692170143127, "best_acc": 0.8153846263885498, "loss": 0.45428156293276206, "epoch_time": 1724.837815284729}, "21": {"global_step": 11991, "best_epoch": 14, "acc": 0.7538461685180664, "best_acc": 0.8153846263885498, "loss": 0.4379796771502546, "epoch_time": 1704.0780222415924}, "22": {"global_step": 12562, "best_epoch": 14, "acc": 0.7769230604171753, "best_acc": 0.8153846263885498, "loss": 0.4251755731287959, "epoch_time": 1655.9891533851624}, "23": {"global_step": 13133, "best_epoch": 14, "acc": 0.7538461685180664, "best_acc": 0.8153846263885498, "loss": 0.4117830487909896, "epoch_time": 1659.9551305770874}, "24": {"global_step": 13704, "best_epoch": 14, "acc": 0.699999988079071, "best_acc": 0.8153846263885498, "loss": 0.399413294375804, "epoch_time": 1658.1969964504242}, "25": {"global_step": 14275, "best_epoch": 14, "acc": 0.7461538314819336, "best_acc": 0.8153846263885498, "loss": 0.3882762757625259, "epoch_time": 1667.2216753959656}, "26": {"global_step": 14846, "best_epoch": 14, "acc": 0.692307710647583, "best_acc": 0.8153846263885498, "loss": 0.3775539266389196, "epoch_time": 1662.6628866195679}, "27": {"global_step": 15417, "best_epoch": 14, "acc": 0.7461538314819336, "best_acc": 0.8153846263885498, "loss": 0.36798834053628154, "epoch_time": 1663.378295660019}, "28": {"global_step": 15988, "best_epoch": 14, "acc": 0.7461538314819336, "best_acc": 0.8153846263885498, "loss": 0.3597474037389604, "epoch_time": 1666.1036503314972}, "29": {"global_step": 16559, "best_epoch": 14, "acc": 0.7230769395828247, "best_acc": 0.8153846263885498, "loss": 0.3509710834930158, "epoch_time": 1653.9835078716278}, "30": {"global_step": 17130, "best_epoch": 14, "acc": 0.7692307829856873, "best_acc": 0.8153846263885498, "loss": 0.34393640415964816, "epoch_time": 1655.9327328205109}, "31": {"global_step": 17701, "best_epoch": 14, "acc": 0.7307692170143127, "best_acc": 0.8153846263885498, "loss": 0.33614896850304876, "epoch_time": 1654.2066674232483}, "32": {"global_step": 18272, "best_epoch": 14, "acc": 0.692307710647583, "best_acc": 0.8153846263885498, "loss": 0.32832153551252324, "epoch_time": 1655.1354746818542}, "33": {"global_step": 18843, "best_epoch": 14, "acc": 0.699999988079071, "best_acc": 0.8153846263885498, "loss": 0.32154381435933505, "epoch_time": 1661.7222571372986}, "34": {"global_step": 19414, "best_epoch": 14, "acc": 0.692307710647583, "best_acc": 0.8153846263885498, "loss": 0.31554396624510517, "epoch_time": 1656.4492983818054}, "35": {"global_step": 19985, "best_epoch": 14, "acc": 0.7538461685180664, "best_acc": 0.8153846263885498, "loss": 0.30896547112026745, "epoch_time": 1661.9535660743713}, "36": {"global_step": 20556, "best_epoch": 14, "acc": 0.692307710647583, "best_acc": 0.8153846263885498, "loss": 0.30297769203316105, "epoch_time": 1653.5642018318176}, "37": {"global_step": 21127, "best_epoch": 14, "acc": 0.800000011920929, "best_acc": 0.8153846263885498, "loss": 0.2977209585726543, "epoch_time": 1657.4927401542664}, "38": {"global_step": 21698, "best_epoch": 14, "acc": 0.7615384459495544, "best_acc": 0.8153846263885498, "loss": 0.29241723684085036, "epoch_time": 1657.3058111667633}, "39": {"global_step": 22269, "best_epoch": 14, "acc": 0.6846153736114502, "best_acc": 0.8153846263885498, "loss": 0.28737432437332633, "epoch_time": 1658.3504829406738}, "40": {"global_step": 22840, "best_epoch": 14, "acc": 0.699999988079071, "best_acc": 0.8153846263885498, "loss": 0.15532405348739303, "epoch_time": 1729.692819595337}, "41": {"global_step": 23411, "best_epoch": 14, "acc": 0.699999988079071, "best_acc": 0.8153846263885498, "loss": 0.15522930814498048, "epoch_time": 1715.802979707718}, "42": {"global_step": 23982, "best_epoch": 14, "acc": 0.6384615302085876, "best_acc": 0.8153846263885498, "loss": 0.15044021133525906, "epoch_time": 1725.3212583065033}, "43": {"global_step": 24553, "best_epoch": 14, "acc": 0.7615384459495544, "best_acc": 0.8153846263885498, "loss": 0.14486594889035706, "epoch_time": 1717.2533056735992}, "44": {"global_step": 25124, "best_epoch": 14, "acc": 0.7230769395828247, "best_acc": 0.8153846263885498, "loss": 0.1430970672607722, "epoch_time": 1707.6726887226105}, "45": {"global_step": 25695, "best_epoch": 14, "acc": 0.7153846025466919, "best_acc": 0.8153846263885498, "loss": 0.13963378471079332, "epoch_time": 1706.1921048164368}, "46": {"global_step": 26266, "best_epoch": 14, "acc": 0.699999988079071, "best_acc": 0.8153846263885498, "loss": 0.13354828444315514, "epoch_time": 1713.3625864982605}, "47": {"global_step": 26837, "best_epoch": 14, "acc": 0.807692289352417, "best_acc": 0.8153846263885498, "loss": 0.12957209515207546, "epoch_time": 1724.7951197624207}, "48": {"global_step": 27408, "best_epoch": 14, "acc": 0.699999988079071, "best_acc": 0.8153846263885498,