{"1": {"global_step": 571, "best_epoch": 1, "acc": 0.3692307770252228, "best_acc": 0.3692307770252228, "loss": 14.064332452630412, "epoch_time": 2226.395283937454}, "2": {"global_step": 1142, "best_epoch": 2, "acc": 0.4384615421295166, "best_acc": 0.4384615421295166, "loss": 13.084224748945486, "epoch_time": 2229.0468587875366}, "3": {"global_step": 1713, "best_epoch": 2, "acc": 0.29230770468711853, "best_acc": 0.4384615421295166, "loss": 11.722905901949515, "epoch_time": 2224.277643918991}, "4": {"global_step": 2284, "best_epoch": 4, "acc": 0.5769230723381042, "best_acc": 0.5769230723381042, "loss": 10.63990490720485, "epoch_time": 2231.6221253871918}, "5": {"global_step": 2855, "best_epoch": 4, "acc": 0.5230769515037537, "best_acc": 0.5769230723381042, "loss": 9.745480743849132, "epoch_time": 2230.465036869049}, "6": {"global_step": 3426, "best_epoch": 6, "acc": 0.6769230961799622, "best_acc": 0.6769230961799622, "loss": 8.965614706956359, "epoch_time": 2228.645411014557}, "7": {"global_step": 3997, "best_epoch": 6, "acc": 0.6000000238418579, "best_acc": 0.6769230961799622, "loss": 8.275337666429696, "epoch_time": 2218.467610359192}, "8": {"global_step": 4568, "best_epoch": 6, "acc": 0.6769230961799622, "best_acc": 0.6769230961799622, "loss": 7.653617543691929, "epoch_time": 2224.715288877487}, "9": {"global_step": 5139, "best_epoch": 6, "acc": 0.5923076868057251, "best_acc": 0.6769230961799622, "loss": 7.098390981714465, "epoch_time": 2208.022411108017}, "10": {"global_step": 5710, "best_epoch": 6, "acc": 0.6692307591438293, "best_acc": 0.6769230961799622, "loss": 6.628137540838138, "epoch_time": 2222.0467064380646}, "11": {"global_step": 6281, "best_epoch": 11, "acc": 0.6846153736114502, "best_acc": 0.6846153736114502, "loss": 6.197043282479698, "epoch_time": 2219.0534284114838}, "12": {"global_step": 6852, "best_epoch": 11, "acc": 0.6692307591438293, "best_acc": 0.6846153736114502, "loss": 5.818581852703086, "epoch_time": 2221.8800115585327}, "13": {"global_step": 7423, "best_epoch": 13, "acc": 0.7153846025466919, "best_acc": 0.7153846025466919, "loss": 5.484798033591889, "epoch_time": 2212.021347761154}, "14": {"global_step": 7994, "best_epoch": 13, "acc": 0.6692307591438293, "best_acc": 0.7153846025466919, "loss": 5.187911892734321, "epoch_time": 2210.161843061447}, "15": {"global_step": 8565, "best_epoch": 15, "acc": 0.7230769395828247, "best_acc": 0.7230769395828247, "loss": 4.923035943515107, "epoch_time": 2210.177610874176}, "16": {"global_step": 9136, "best_epoch": 15, "acc": 0.7076923251152039, "best_acc": 0.7230769395828247, "loss": 4.684451661537517, "epoch_time": 2206.5990092754364}, "17": {"global_step": 9707, "best_epoch": 15, "acc": 0.692307710647583, "best_acc": 0.7230769395828247, "loss": 4.46735943729359, "epoch_time": 2212.014233827591}, "18": {"global_step": 10278, "best_epoch": 18, "acc": 0.7384615540504456, "best_acc": 0.7384615540504456, "loss": 0.9252164144127674, "epoch_time": 2215.04256772995}, "19": {"global_step": 10849, "best_epoch": 19, "acc": 0.7461538314819336, "best_acc": 0.7461538314819336, "loss": 0.888503844104381, "epoch_time": 2214.2113938331604}, "20": {"global_step": 11420, "best_epoch": 19, "acc": 0.6461538672447205, "best_acc": 0.7461538314819336, "loss": 0.8430152318401777, "epoch_time": 2203.5588438510895}, "21": {"global_step": 11991, "best_epoch": 19, "acc": 0.692307710647583, "best_acc": 0.7461538314819336, "loss": 0.7622161080144124, "epoch_time": 2211.129469394684}, "22": {"global_step": 12562, "best_epoch": 19, "acc": 0.7153846025466919, "best_acc": 0.7461538314819336, "loss": 0.7119922870982132, "epoch_time": 2205.6752882003784}, "23": {"global_step": 13133, "best_epoch": 19, "acc": 0.7307692170143127, "best_acc": 0.7461538314819336, "loss": 0.6852869292013282, "epoch_time": 2210.747357606888}, "24": {"global_step": 13704, "best_epoch": 24, "acc": 0.8230769038200378, "best_acc": 0.8230769038200378, "loss": 0.6497191356563526, "epoch_time": 2209.8591425418854}, "25": {"global_step": 14275, "best_epoch": 24, "acc": 0.7153846025466919, "best_acc": 0.8230769038200378, "loss": 0.6271443470477431, "epoch_time": 2207.1138763427734}, "26": {"global_step": 14846, "best_epoch": 24, "acc": 0.7461538314819336, "best_acc": 0.8230769038200378, "loss": 0.6087917065344668, "epoch_time": 2213.5129091739655}, "27": {"global_step": 15417, "best_epoch": 24, "acc": 0.6692307591438293, "best_acc": 0.8230769038200378, "loss": 0.5932894874926147, "epoch_time": 2216.4088656902313}, "28": {"global_step": 15988, "best_epoch": 24, "acc": 0.7615384459495544, "best_acc": 0.8230769038200378, "loss": 0.5770458435165107, "epoch_time": 2224.363685131073}, "29": {"global_step": 16559, "best_epoch": 24, "acc": 0.7153846025466919, "best_acc": 0.8230769038200378, "loss": 0.5600134971834129, "epoch_time": 2206.4712002277374}, "30": {"global_step": 17130, "best_epoch": 24, "acc": 0.7230769395828247, "best_acc": 0.8230769038200378, "loss": 0.4306187271458568, "epoch_time": 2221.2487580776215}, "31": {"global_step": 17701, "best_epoch": 24, "acc": 0.7230769395828247, "best_acc": 0.8230769038200378, "loss": 0.42277016731765243, "epoch_time": 2207.909120798111}, "32": {"global_step": 18272, "best_epoch": 24, "acc": 0.7230769395828247, "best_acc": 0.8230769038200378, "loss": 0.4088029035035971, "epoch_time": 2198.8935508728027}, "33": {"global_step": 18843, "best_epoch": 24, "acc": 0.7769230604171753, "best_acc": 0.8230769038200378, "loss": 0.3981534651302832, "epoch_time": 2226.7844536304474}, "34": {"global_step": 19414, "best_epoch": 24, "acc": 0.7923076748847961, "best_acc": 0.8230769038200378, "loss": 0.37529086962753283, "epoch_time": 2227.2331907749176}, "35": {"global_step": 19985, "best_epoch": 24, "acc": 0.7153846025466919, "best_acc": 0.8230769038200378, "loss": 0.3602931531449542, "epoch_time": 2237.73207116127}, "36": {"global_step": 20556, "best_epoch": 24, "acc": 0.7923076748847961, "best_acc": 0.8230769038200378, "loss": 0.3512496103919168, "epoch_time": 2224.5822203159332}, "37": {"global_step": 21127, "best_epoch": 24, "acc": 0.699999988079071, "best_acc": 0.8230769038200378, "loss": 0.34994933063559064, "epoch_time": 2239.7655391693115}, "38": {"global_step": 21698, "best_epoch": 24, "acc": 0.7384615540504456, "best_acc": 0.8230769038200378, "loss": 0.3456884640363038, "epoch_time": 2242.8483741283417}, "39": {"global_step": 22269, "best_epoch": 24, "acc": 0.7153846025466919, "best_acc": 0.8230769038200378, "loss": 0.336773958525506, "epoch_time": 2241.1292476654053}, "40": {"global_step": 22840, "best_epoch": 24, "acc": 0.7307692170143127, "best_acc": 0.8230769038200378, "loss": 0.3387284266783639, "epoch_time": 2226.5341498851776}, "41": {"global_step": 23411, "best_epoch": 24, "acc": 0.6384615302085876, "best_acc": 0.8230769038200378, "loss": 0.3302610723882055, "epoch_time": 2242.4691660404205}, "42": {"global_step": 23982, "best_epoch": 24, "acc": 0.7615384459495544, "best_acc": 0.8230769038200378, "loss": 0.32520922970046306, "epoch_time": 2229.2566001415253}, "43": {"global_step": 24553, "best_epoch": 24, "acc": 0.7923076748847961, "best_acc": 0.8230769038200378, "loss": 0.3208751772077986, "epoch_time": 2208.057613134384}, "44": {"global_step": 25124, "best_epoch": 24, "acc": 0.7769230604171753, "best_acc": 0.8230769038200378, "loss": 0.31456201423260766, "epoch_time": 2216.8247895240784}, "45": {"global_step": 25695, "best_epoch": 24, "acc": 0.7538461685180664, "best_acc": 0.8230769038200378, "loss": 0.31106952106271246, "epoch_time": 2212.5234377384186}, "46": {"global_step": 26266, "best_epoch": 24, "acc": 0.7153846025466919, "best_acc": 0.8230769038200378, "loss": 0.3089960238286768, "epoch_time": 2231.50199174881}, "47": {"global_step": 26837, "best_epoch": 24, "acc": 0.7461538314819336, "best_acc": 0.8230769038200378, "loss": 0.3054481503716792, "epoch_time": 2234.47705245018}, "48": {"global_step": 27408, "best_epoch": 24, "acc": 0.699999988079071, "best_acc": 0.8230769038200378,