{"1": {"global_step": 4569, "best_epoch": 1, "acc": 0.5384615659713745, "best_acc": 0.5384615659713745, "loss": 2.184651782382732, "epoch_time": 2462.7800602912903}, "2": {"global_step": 9138, "best_epoch": 2, "acc": 0.699999988079071, "best_acc": 0.699999988079071, "loss": 1.6443114256397424, "epoch_time": 2461.8236033916473}, "3": {"global_step": 13707, "best_epoch": 3, "acc": 0.7692307829856873, "best_acc": 0.7692307829856873, "loss": 1.3137421505926754, "epoch_time": 2457.4678707122803}, "4": {"global_step": 18276, "best_epoch": 3, "acc": 0.7692307829856873, "best_acc": 0.7692307829856873, "loss": 1.1011896645561154, "epoch_time": 2456.438283443451}, "5": {"global_step": 22845, "best_epoch": 5, "acc": 0.7923076748847961, "best_acc": 0.7923076748847961, "loss": 0.9538292825183542, "epoch_time": 2440.789783477783}, "6": {"global_step": 27414, "best_epoch": 5, "acc": 0.7538461685180664, "best_acc": 0.7923076748847961, "loss": 0.8460463501436504, "epoch_time": 2448.8936779499054}, "7": {"global_step": 31983, "best_epoch": 5, "acc": 0.7923076748847961, "best_acc": 0.7923076748847961, "loss": 0.7633882377764365, "epoch_time": 2447.03844332695}, "8": {"global_step": 36552, "best_epoch": 8, "acc": 0.8307692408561707, "best_acc": 0.8307692408561707, "loss": 0.6972821771619521, "epoch_time": 2445.2511842250824}, "9": {"global_step": 41121, "best_epoch": 9, "acc": 0.8615384697914124, "best_acc": 0.8615384697914124, "loss": 0.6431896147000895, "epoch_time": 2450.402740955353}, "10": {"global_step": 45690, "best_epoch": 9, "acc": 0.7769230604171753, "best_acc": 0.8615384697914124, "loss": 0.5987476609419984, "epoch_time": 2447.521735191345}, "11": {"global_step": 50259, "best_epoch": 9, "acc": 0.8615384697914124, "best_acc": 0.8615384697914124, "loss": 0.560543429663427, "epoch_time": 2443.0257444381714}, "12": {"global_step": 54828, "best_epoch": 9, "acc": 0.8461538553237915, "best_acc": 0.8615384697914124, "loss": 0.5280743308083878, "epoch_time": 2444.855627298355}, "13": {"global_step": 59397, "best_epoch": 9, "acc": 0.8384615182876587, "best_acc": 0.8615384697914124, "loss": 0.4997750701178339, "epoch_time": 2439.0034143924713}, "14": {"global_step": 63966, "best_epoch": 9, "acc": 0.8538461327552795, "best_acc": 0.8615384697914124, "loss": 0.47470439841207845, "epoch_time": 2440.794098138809}, "15": {"global_step": 68535, "best_epoch": 9, "acc": 0.8230769038200378, "best_acc": 0.8615384697914124, "loss": 0.45256842429286037, "epoch_time": 2439.9625718593597}, "16": {"global_step": 73104, "best_epoch": 9, "acc": 0.8615384697914124, "best_acc": 0.8615384697914124, "loss": 0.43270670902352465, "epoch_time": 2437.150913953781}, "17": {"global_step": 77673, "best_epoch": 9, "acc": 0.8461538553237915, "best_acc": 0.8615384697914124, "loss": 0.41420049169557843, "epoch_time": 2442.2809987068176}, "18": {"global_step": 82242, "best_epoch": 9, "acc": 0.8153846263885498, "best_acc": 0.8615384697914124, "loss": 0.1231800470173674, "epoch_time": 2431.542180299759}, "19": {"global_step": 86811, "best_epoch": 9, "acc": 0.8538461327552795, "best_acc": 0.8615384697914124, "loss": 0.11977231815253891, "epoch_time": 2424.0435791015625}, "20": {"global_step": 91380, "best_epoch": 9, "acc": 0.7846153974533081, "best_acc": 0.8615384697914124, "loss": 0.11787939155826774, "epoch_time": 2434.1872861385345}, "21": {"global_step": 95949, "best_epoch": 9, "acc": 0.807692289352417, "best_acc": 0.8615384697914124, "loss": 0.1117801597719002, "epoch_time": 2435.557689189911}, "22": {"global_step": 100518, "best_epoch": 9, "acc": 0.8230769038200378, "best_acc": 0.8615384697914124, "loss": 0.10985152621163012, "epoch_time": 2429.5464475154877}, "23": {"global_step": 105087, "best_epoch": 9, "acc": 0.8230769038200378, "best_acc": 0.8615384697914124, "loss": 0.10742271611517622, "epoch_time": 2424.363080263138}, "24": {"global_step": 109656, "best_epoch": 9, "acc": 0.8230769038200378, "best_acc": 0.8615384697914124, "loss": 0.10376151774744871, "epoch_time": 2424.56502532959}, "25": {"global_step": 114225, "best_epoch": 9, "acc": 0.7692307829856873, "best_acc": 0.8615384697914124, "loss": 0.1011242498804429, "epoch_time": 2432.5166544914246}, "26": {"global_step": 118794, "best_epoch": 9, "acc": 0.7846153974533081, "best_acc": 0.8615384697914124, "loss": 0.0996059286249085, "epoch_time": 2428.637788295746}, "27": {"global_step": 123363, "best_epoch": 9, "acc": 0.7769230604171753, "best_acc": 0.8615384697914124, "loss": 0.097897895101174, "epoch_time": 2423.8911185264587}, "28": {"global_step": 127932, "best_epoch": 9, "acc": 0.8538461327552795, "best_acc": 0.8615384697914124, "loss": 0.09626663984590346, "epoch_time": 2434.4360296726227}, "29": {"global_step": 132501, "best_epoch": 9, "acc": 0.800000011920929, "best_acc": 0.8615384697914124, "loss": 0.09555526123858817, "epoch_time": 2427.7440617084503}, "30": {"global_step": 137070, "best_epoch": 9, "acc": 0.800000011920929, "best_acc": 0.8615384697914124, "loss": 0.09396191537387158, "epoch_time": 2459.6078588962555}, "31": {"global_step": 141639, "best_epoch": 9, "acc": 0.8230769038200378, "best_acc": 0.8615384697914124, "loss": 0.09295155617637009, "epoch_time": 2450.792810678482}, "32": {"global_step": 146208, "best_epoch": 9, "acc": 0.807692289352417, "best_acc": 0.8615384697914124, "loss": 0.09181745846054956, "epoch_time": 2443.1781771183014}, "33": {"global_step": 150777, "best_epoch": 9, "acc": 0.8538461327552795, "best_acc": 0.8615384697914124, "loss": 0.09044540833066117, "epoch_time": 2471.1539957523346}, "34": {"global_step": 155346, "best_epoch": 9, "acc": 0.7769230604171753, "best_acc": 0.8615384697914124, "loss": 0.08963970833295032, "epoch_time": 2465.749249458313}, "35": {"global_step": 159915, "best_epoch": 9, "acc": 0.8615384697914124, "best_acc": 0.8615384697914124, "loss": 0.08863737698081689, "epoch_time": 2457.2035427093506}, "36": {"global_step": 164484, "best_epoch": 9, "acc": 0.800000011920929, "best_acc": 0.8615384697914124, "loss": 0.08729807693098138, "epoch_time": 2447.1617348194122}, "37": {"global_step": 169053, "best_epoch": 37, "acc": 0.892307698726654, "best_acc": 0.892307698726654, "loss": 0.08644040995245227, "epoch_time": 2439.8109018802643}, "38": {"global_step": 173622, "best_epoch": 37, "acc": 0.8230769038200378, "best_acc": 0.892307698726654, "loss": 0.08572476082738684, "epoch_time": 2448.3346271514893}, "39": {"global_step": 178191, "best_epoch": 37, "acc": 0.8384615182876587, "best_acc": 0.892307698726654, "loss": 0.08473098246203478, "epoch_time": 2449.2127392292023}, "40": {"global_step": 182760, "best_epoch": 37, "acc": 0.8307692408561707, "best_acc": 0.892307698726654, "loss": 0.08366013055941207, "epoch_time": 2449.0159089565277}, "41": {"global_step": 187329, "best_epoch": 37, "acc": 0.8461538553237915, "best_acc": 0.892307698726654, "loss": 0.08278346902451263, "epoch_time": 2440.971235513687}, "42": {"global_step": 191898, "best_epoch": 37, "acc": 0.8384615182876587, "best_acc": 0.892307698726654, "loss": 0.0816938121970996, "epoch_time": 2444.619346857071}, "43": {"global_step": 196467, "best_epoch": 37, "acc": 0.8846153616905212, "best_acc": 0.892307698726654, "loss": 0.08097412386241114, "epoch_time": 2450.6017072200775}, "44": {"global_step": 201036, "best_epoch": 37, "acc": 0.7769230604171753, "best_acc": 0.892307698726654, "loss": 0.08031241863188557, "epoch_time": 2447.8982367515564}, "45": {"global_step": 205605, "best_epoch": 37, "acc": 0.8230769038200378, "best_acc": 0.892307698726654, "loss": 0.07956886051810584, "epoch_time": 2451.6407663822174}, "46": {"global_step": 210174, "best_epoch": 37, "acc": 0.8230769038200378, "best_acc": 0.892307698726654, "loss": 0.07891329863269265, "epoch_time": 2445.884443759918}, "47": {"global_step": 214743, "best_epoch": 37, "acc": 0.8307692408561707, "best_acc": 0.892307698726654, "loss": 0.07823429450501235, "epoch_time": 2444.9202675819397}, "48": {"global_step": 219312, "best_epoch": 37, "acc": 0.892307698726654,