{"1": {"global_step": 571, "best_epoch": 1, "acc": 0.5230769515037537, "best_acc": 0.5230769515037537, "loss": 6.742670313906962, "epoch_time": 1662.4167776107788}, "2": {"global_step": 1142, "best_epoch": 1, "acc": 0.48461538553237915, "best_acc": 0.5230769515037537, "loss": 6.679966896511418, "epoch_time": 1658.423142671585}, "3": {"global_step": 1713, "best_epoch": 1, "acc": 0.4923076927661896, "best_acc": 0.5230769515037537, "loss": 6.643841675270112, "epoch_time": 1658.8245918750763}, "4": {"global_step": 2284, "best_epoch": 1, "acc": 0.5230769515037537, "best_acc": 0.5230769515037537, "loss": 6.61948699896891, "epoch_time": 1664.677414894104}, "5": {"global_step": 2855, "best_epoch": 5, "acc": 0.5538461804389954, "best_acc": 0.5538461804389954, "loss": 6.599202109468798, "epoch_time": 1660.5169785022736}, "6": {"global_step": 3426, "best_epoch": 5, "acc": 0.4615384638309479, "best_acc": 0.5538461804389954, "loss": 6.5877783553195295, "epoch_time": 1654.0914161205292}, "7": {"global_step": 3997, "best_epoch": 5, "acc": 0.5307692289352417, "best_acc": 0.5538461804389954, "loss": 6.575071796286485, "epoch_time": 1655.715721130371}, "8": {"global_step": 4568, "best_epoch": 5, "acc": 0.45384615659713745, "best_acc": 0.5538461804389954, "loss": 6.565295316187596, "epoch_time": 1660.8275837898254}, "9": {"global_step": 5139, "best_epoch": 5, "acc": 0.5461538434028625, "best_acc": 0.5538461804389954, "loss": 6.555445948239082, "epoch_time": 1653.666448354721}, "10": {"global_step": 5710, "best_epoch": 5, "acc": 0.5, "best_acc": 0.5538461804389954, "loss": 6.545995003538248, "epoch_time": 1655.7812106609344}, "11": {"global_step": 6281, "best_epoch": 5, "acc": 0.5, "best_acc": 0.5538461804389954, "loss": 6.537794077022499, "epoch_time": 1654.2488162517548}, "12": {"global_step": 6852, "best_epoch": 5, "acc": 0.42307692766189575, "best_acc": 0.5538461804389954, "loss": 6.53155646314415, "epoch_time": 1659.3966233730316}, "13": {"global_step": 7423, "best_epoch": 13, "acc": 0.5692307949066162, "best_acc": 0.5692307949066162, "loss": 6.526280951471032, "epoch_time": 1665.3433482646942}, "14": {"global_step": 7994, "best_epoch": 13, "acc": 0.5076923370361328, "best_acc": 0.5692307949066162, "loss": 6.520857694061332, "epoch_time": 1655.2894895076752}, "15": {"global_step": 8565, "best_epoch": 13, "acc": 0.4384615421295166, "best_acc": 0.5692307949066162, "loss": 6.515309753462507, "epoch_time": 1659.7889068126678}, "16": {"global_step": 9136, "best_epoch": 13, "acc": 0.5076923370361328, "best_acc": 0.5692307949066162, "loss": 6.510855003382404, "epoch_time": 1657.4747281074524}, "17": {"global_step": 9707, "best_epoch": 13, "acc": 0.5076923370361328, "best_acc": 0.5692307949066162, "loss": 6.506428533716969, "epoch_time": 1652.034053325653}, "18": {"global_step": 10278, "best_epoch": 13, "acc": 0.5076923370361328, "best_acc": 0.5692307949066162, "loss": 6.502031029650942, "epoch_time": 1649.40762925148}, "19": {"global_step": 10849, "best_epoch": 13, "acc": 0.5307692289352417, "best_acc": 0.5692307949066162, "loss": 6.498404384988916, "epoch_time": 1658.2463684082031}, "20": {"global_step": 11420, "best_epoch": 13, "acc": 0.48461538553237915, "best_acc": 0.5692307949066162, "loss": 6.495069475224056, "epoch_time": 1656.5278334617615}, "21": {"global_step": 11991, "best_epoch": 13, "acc": 0.4923076927661896, "best_acc": 0.5692307949066162, "loss": 6.491856021465944, "epoch_time": 1659.0012471675873}, "22": {"global_step": 12562, "best_epoch": 13, "acc": 0.5307692289352417, "best_acc": 0.5692307949066162, "loss": 6.488473231047321, "epoch_time": 1662.2679498195648}, "23": {"global_step": 13133, "best_epoch": 13, "acc": 0.4923076927661896, "best_acc": 0.5692307949066162, "loss": 6.485570896627661, "epoch_time": 1657.6475768089294}, "24": {"global_step": 13704, "best_epoch": 13, "acc": 0.4153846204280853, "best_acc": 0.5692307949066162, "loss": 6.4830707815468696, "epoch_time": 1657.134673833847}, "25": {"global_step": 14275, "best_epoch": 13, "acc": 0.5615384578704834, "best_acc": 0.5692307949066162, "loss": 6.4454019140487375, "epoch_time": 1657.8557136058807}, "26": {"global_step": 14846, "best_epoch": 13, "acc": 0.5307692289352417, "best_acc": 0.5692307949066162, "loss": 6.3624880420186845, "epoch_time": 1660.8750603199005}, "27": {"global_step": 15417, "best_epoch": 27, "acc": 0.6538461446762085, "best_acc": 0.6538461446762085, "loss": 6.244614331176511, "epoch_time": 1656.0776720046997}, "28": {"global_step": 15988, "best_epoch": 28, "acc": 0.7153846025466919, "best_acc": 0.7153846025466919, "loss": 6.106688563156223, "epoch_time": 1659.946016550064}, "29": {"global_step": 16559, "best_epoch": 29, "acc": 0.7615384459495544, "best_acc": 0.7615384459495544, "loss": 5.958794600963304, "epoch_time": 1661.1796245574951}, "30": {"global_step": 17130, "best_epoch": 30, "acc": 0.7846153974533081, "best_acc": 0.7846153974533081, "loss": 5.80782662039254, "epoch_time": 1658.3352208137512}, "31": {"global_step": 17701, "best_epoch": 30, "acc": 0.7846153974533081, "best_acc": 0.7846153974533081, "loss": 5.657770810969219, "epoch_time": 1659.1342658996582}, "32": {"global_step": 18272, "best_epoch": 30, "acc": 0.7615384459495544, "best_acc": 0.7846153974533081, "loss": 5.512125559560563, "epoch_time": 1663.4461438655853}, "33": {"global_step": 18843, "best_epoch": 33, "acc": 0.7923076748847961, "best_acc": 0.7923076748847961, "loss": 5.371087336699333, "epoch_time": 1662.0723841190338}, "34": {"global_step": 19414, "best_epoch": 33, "acc": 0.7230769395828247, "best_acc": 0.7923076748847961, "loss": 5.234695836157911, "epoch_time": 1664.9516518115997}, "35": {"global_step": 19985, "best_epoch": 33, "acc": 0.7538461685180664, "best_acc": 0.7923076748847961, "loss": 5.104047793182009, "epoch_time": 1658.7362697124481}, "36": {"global_step": 20556, "best_epoch": 33, "acc": 0.7923076748847961, "best_acc": 0.7923076748847961, "loss": 4.978500234444107, "epoch_time": 1661.3745810985565}, "37": {"global_step": 21127, "best_epoch": 37, "acc": 0.8384615182876587, "best_acc": 0.8384615182876587, "loss": 4.858382095610864, "epoch_time": 1660.6870243549347}, "38": {"global_step": 21698, "best_epoch": 37, "acc": 0.800000011920929, "best_acc": 0.8384615182876587, "loss": 4.743062964374871, "epoch_time": 1663.2983405590057}, "39": {"global_step": 22269, "best_epoch": 39, "acc": 0.8538461327552795, "best_acc": 0.8538461327552795, "loss": 4.632434485563581, "epoch_time": 1665.0261142253876}, "40": {"global_step": 22840, "best_epoch": 39, "acc": 0.7615384459495544, "best_acc": 0.8538461327552795, "loss": 4.52658723841785, "epoch_time": 1662.4409847259521}, "41": {"global_step": 23411, "best_epoch": 39, "acc": 0.7769230604171753, "best_acc": 0.8538461327552795, "loss": 4.425288887986076, "epoch_time": 1666.1125032901764}, "42": {"global_step": 23982, "best_epoch": 39, "acc": 0.807692289352417, "best_acc": 0.8538461327552795, "loss": 4.328542554088992, "epoch_time": 1667.022397518158}, "43": {"global_step": 24553, "best_epoch": 39, "acc": 0.7923076748847961, "best_acc": 0.8538461327552795, "loss": 4.235743471754299, "epoch_time": 1658.6246547698975}, "44": {"global_step": 25124, "best_epoch": 39, "acc": 0.800000011920929, "best_acc": 0.8538461327552795, "loss": 4.1460683313110165, "epoch_time": 1655.5362684726715}, "45": {"global_step": 25695, "best_epoch": 39, "acc": 0.800000011920929, "best_acc": 0.8538461327552795, "loss": 4.060978545858444, "epoch_time": 1657.6821551322937}, "46": {"global_step": 26266, "best_epoch": 39, "acc": 0.7923076748847961, "best_acc": 0.8538461327552795, "loss": 3.978655862262709, "epoch_time": 1652.0176742076874}, "47": {"global_step": 26837, "best_epoch": 39, "acc": 0.8461538553237915, "best_acc": 0.8538461327552795, "loss": 3.899621596897472, "epoch_time": 1660.751089334488}, "48": {"global_step": 27408, "best_epoch": 39, "acc": 0.807692289352417, "best_acc": 0.8538461327552795, "loss": 3.823579845574937, "epoch_time": 1659.76047372818},