{"1": {"global_step": 571, "best_epoch": 1, "acc": 0.48461538553237915, "best_acc": 0.48461538553237915, "loss": 5.605193293867094, "epoch_time": 1318.5435137748718}, "2": {"global_step": 1142, "best_epoch": 2, "acc": 0.5461538434028625, "best_acc": 0.5461538434028625, "loss": 4.392097179923082, "epoch_time": 1318.5002193450928}, "3": {"global_step": 1713, "best_epoch": 3, "acc": 0.6461538672447205, "best_acc": 0.6461538672447205, "loss": 3.5869260684342947, "epoch_time": 1316.2118360996246}, "4": {"global_step": 2284, "best_epoch": 4, "acc": 0.7538461685180664, "best_acc": 0.7538461685180664, "loss": 3.002666255455927, "epoch_time": 1318.416660785675}, "5": {"global_step": 2855, "best_epoch": 4, "acc": 0.6461538672447205, "best_acc": 0.7538461685180664, "loss": 2.5771309017404365, "epoch_time": 1316.9085988998413}, "6": {"global_step": 3426, "best_epoch": 4, "acc": 0.7230769395828247, "best_acc": 0.7538461685180664, "loss": 0.6690401404626315, "epoch_time": 1329.2386860847473}, "7": {"global_step": 3997, "best_epoch": 4, "acc": 0.7538461685180664, "best_acc": 0.7538461685180664, "loss": 0.6036807682280365, "epoch_time": 1331.9326581954956}, "8": {"global_step": 4568, "best_epoch": 4, "acc": 0.7076923251152039, "best_acc": 0.7538461685180664, "loss": 0.5644428223084443, "epoch_time": 1325.9076776504517}, "9": {"global_step": 5139, "best_epoch": 9, "acc": 0.7769230604171753, "best_acc": 0.7769230604171753, "loss": 0.5341325126810166, "epoch_time": 1324.7256362438202}, "10": {"global_step": 5710, "best_epoch": 9, "acc": 0.7153846025466919, "best_acc": 0.7769230604171753, "loss": 0.5006849253579531, "epoch_time": 1327.6346678733826}, "11": {"global_step": 6281, "best_epoch": 9, "acc": 0.7230769395828247, "best_acc": 0.7769230604171753, "loss": 0.4738727283978838, "epoch_time": 1328.969997882843}, "12": {"global_step": 6852, "best_epoch": 9, "acc": 0.7230769395828247, "best_acc": 0.7769230604171753, "loss": 0.4520966587077909, "epoch_time": 1330.4348113536835}, "13": {"global_step": 7423, "best_epoch": 9, "acc": 0.7615384459495544, "best_acc": 0.7769230604171753, "loss": 0.4321225723215002, "epoch_time": 1327.4222824573517}, "14": {"global_step": 7994, "best_epoch": 9, "acc": 0.6615384817123413, "best_acc": 0.7769230604171753, "loss": 0.41374476244743813, "epoch_time": 1330.835372686386}, "15": {"global_step": 8565, "best_epoch": 15, "acc": 0.800000011920929, "best_acc": 0.800000011920929, "loss": 0.3997043017549163, "epoch_time": 1334.1892778873444}, "16": {"global_step": 9136, "best_epoch": 15, "acc": 0.7307692170143127, "best_acc": 0.800000011920929, "loss": 0.3845685337929779, "epoch_time": 1333.4130132198334}, "17": {"global_step": 9707, "best_epoch": 15, "acc": 0.7153846025466919, "best_acc": 0.800000011920929, "loss": 0.3727204053590952, "epoch_time": 1332.157616853714}, "18": {"global_step": 10278, "best_epoch": 18, "acc": 0.807692289352417, "best_acc": 0.807692289352417, "loss": 0.3608125963153085, "epoch_time": 1331.4287922382355}, "19": {"global_step": 10849, "best_epoch": 18, "acc": 0.7461538314819336, "best_acc": 0.807692289352417, "loss": 0.34955737581311136, "epoch_time": 1333.261581659317}, "20": {"global_step": 11420, "best_epoch": 20, "acc": 0.8384615182876587, "best_acc": 0.8384615182876587, "loss": 0.3399702710252292, "epoch_time": 1332.0070326328278}, "21": {"global_step": 11991, "best_epoch": 20, "acc": 0.7461538314819336, "best_acc": 0.8384615182876587, "loss": 0.3306322113130463, "epoch_time": 1331.5845818519592}, "22": {"global_step": 12562, "best_epoch": 20, "acc": 0.7615384459495544, "best_acc": 0.8384615182876587, "loss": 0.3221235220867688, "epoch_time": 1332.3812613487244}, "23": {"global_step": 13133, "best_epoch": 20, "acc": 0.8307692408561707, "best_acc": 0.8384615182876587, "loss": 0.3135335635565842, "epoch_time": 1328.1616179943085}, "24": {"global_step": 13704, "best_epoch": 20, "acc": 0.7307692170143127, "best_acc": 0.8384615182876587, "loss": 0.30553192118906786, "epoch_time": 1329.5980610847473}, "25": {"global_step": 14275, "best_epoch": 20, "acc": 0.7923076748847961, "best_acc": 0.8384615182876587, "loss": 0.29824099743603394, "epoch_time": 1333.2584156990051}, "26": {"global_step": 14846, "best_epoch": 20, "acc": 0.7923076748847961, "best_acc": 0.8384615182876587, "loss": 0.2915098051389178, "epoch_time": 1334.2255492210388}, "27": {"global_step": 15417, "best_epoch": 20, "acc": 0.7384615540504456, "best_acc": 0.8384615182876587, "loss": 0.2856790718856115, "epoch_time": 1330.1762628555298}, "28": {"global_step": 15988, "best_epoch": 20, "acc": 0.6230769157409668, "best_acc": 0.8384615182876587, "loss": 0.27949817221952694, "epoch_time": 1329.7373406887054}, "29": {"global_step": 16559, "best_epoch": 20, "acc": 0.692307710647583, "best_acc": 0.8384615182876587, "loss": 0.27367595117158594, "epoch_time": 1329.8173611164093}, "30": {"global_step": 17130, "best_epoch": 20, "acc": 0.8153846263885498, "best_acc": 0.8384615182876587, "loss": 0.268490216353657, "epoch_time": 1329.5903747081757}, "31": {"global_step": 17701, "best_epoch": 20, "acc": 0.7307692170143127, "best_acc": 0.8384615182876587, "loss": 0.26286604719250106, "epoch_time": 1333.8449845314026}, "32": {"global_step": 18272, "best_epoch": 20, "acc": 0.7846153974533081, "best_acc": 0.8384615182876587, "loss": 0.2577520061542763, "epoch_time": 1332.2443451881409}, "33": {"global_step": 18843, "best_epoch": 20, "acc": 0.7384615540504456, "best_acc": 0.8384615182876587, "loss": 0.25336512709689757, "epoch_time": 1329.5241594314575}, "34": {"global_step": 19414, "best_epoch": 20, "acc": 0.7615384459495544, "best_acc": 0.8384615182876587, "loss": 0.2490855697511636, "epoch_time": 1332.8085932731628}, "35": {"global_step": 19985, "best_epoch": 20, "acc": 0.800000011920929, "best_acc": 0.8384615182876587, "loss": 0.24461838778785783, "epoch_time": 1329.8671560287476}, "36": {"global_step": 20556, "best_epoch": 20, "acc": 0.7846153974533081, "best_acc": 0.8384615182876587, "loss": 0.2410226818246468, "epoch_time": 1332.4808189868927}, "37": {"global_step": 21127, "best_epoch": 20, "acc": 0.7846153974533081, "best_acc": 0.8384615182876587, "loss": 0.23702138906451095, "epoch_time": 1333.0500633716583}, "38": {"global_step": 21698, "best_epoch": 20, "acc": 0.7461538314819336, "best_acc": 0.8384615182876587, "loss": 0.23392014067442798, "epoch_time": 1331.4730966091156}, "39": {"global_step": 22269, "best_epoch": 20, "acc": 0.7230769395828247, "best_acc": 0.8384615182876587, "loss": 0.2303767361091441, "epoch_time": 1331.4973406791687}, "40": {"global_step": 22840, "best_epoch": 20, "acc": 0.807692289352417, "best_acc": 0.8384615182876587, "loss": 0.2266887251103741, "epoch_time": 1329.8852834701538}, "41": {"global_step": 23411, "best_epoch": 20, "acc": 0.800000011920929, "best_acc": 0.8384615182876587, "loss": 0.22363247429808586, "epoch_time": 1333.852345943451}, "42": {"global_step": 23982, "best_epoch": 20, "acc": 0.7615384459495544, "best_acc": 0.8384615182876587, "loss": 0.2206136976042099, "epoch_time": 1331.6423468589783}, "43": {"global_step": 24553, "best_epoch": 20, "acc": 0.7692307829856873, "best_acc": 0.8384615182876587, "loss": 0.21744498222783817, "epoch_time": 1333.1739709377289}, "44": {"global_step": 25124, "best_epoch": 20, "acc": 0.7692307829856873, "best_acc": 0.8384615182876587, "loss": 0.21474269289511067, "epoch_time": 1332.1219627857208}, "45": {"global_step": 25695, "best_epoch": 20, "acc": 0.7461538314819336, "best_acc": 0.8384615182876587, "loss": 0.2117235733483508, "epoch_time": 1332.3443920612335}, "46": {"global_step": 26266, "best_epoch": 20, "acc": 0.7461538314819336, "best_acc": 0.8384615182876587, "loss": 0.20930107822392102, "epoch_time": 1328.841118812561}, "47": {"global_step": 26837, "best_epoch": 20, "acc": 0.807692289352417, "best_acc": 0.8384615182876587, "loss": 0.20648790942090933, "epoch_time": 1328.3823573589325}, "48": {"global_step": 27408, "best_epoch": 20, "acc": 0.7538461685180664,