{"1": {"global_step": 571, "best_epoch": 1, "acc": 0.3692307770252228, "best_acc": 0.3692307770252228, "loss": 14.064332452630412, "epoch_time": 2277.8867902755737}, "2": {"global_step": 1142, "best_epoch": 2, "acc": 0.4384615421295166, "best_acc": 0.4384615421295166, "loss": 13.084224748945486, "epoch_time": 2279.377660036087}, "3": {"global_step": 1713, "best_epoch": 2, "acc": 0.29230770468711853, "best_acc": 0.4384615421295166, "loss": 11.722905901949515, "epoch_time": 2276.6728744506836}, "4": {"global_step": 2284, "best_epoch": 4, "acc": 0.5769230723381042, "best_acc": 0.5769230723381042, "loss": 10.63990490720485, "epoch_time": 2277.2397553920746}, "5": {"global_step": 2855, "best_epoch": 4, "acc": 0.5230769515037537, "best_acc": 0.5769230723381042, "loss": 9.745480743849132, "epoch_time": 2269.661559343338}, "6": {"global_step": 3426, "best_epoch": 6, "acc": 0.6769230961799622, "best_acc": 0.6769230961799622, "loss": 8.965614706956359, "epoch_time": 2266.5661301612854}, "7": {"global_step": 3997, "best_epoch": 6, "acc": 0.6000000238418579, "best_acc": 0.6769230961799622, "loss": 8.275337666429696, "epoch_time": 2260.7038912773132}, "8": {"global_step": 4568, "best_epoch": 6, "acc": 0.6769230961799622, "best_acc": 0.6769230961799622, "loss": 7.653617543691929, "epoch_time": 2270.043305158615}, "9": {"global_step": 5139, "best_epoch": 6, "acc": 0.5923076868057251, "best_acc": 0.6769230961799622, "loss": 7.098390981714465, "epoch_time": 2259.4210464954376}, "10": {"global_step": 5710, "best_epoch": 6, "acc": 0.6692307591438293, "best_acc": 0.6769230961799622, "loss": 6.628137540838138, "epoch_time": 2262.1088325977325}, "11": {"global_step": 6281, "best_epoch": 11, "acc": 0.6846153736114502, "best_acc": 0.6846153736114502, "loss": 6.197043282479698, "epoch_time": 2263.366690158844}, "12": {"global_step": 6852, "best_epoch": 12, "acc": 0.7615384459495544, "best_acc": 0.7615384459495544, "loss": 1.6554926252824413, "epoch_time": 2199.5103900432587}, "13": {"global_step": 7423, "best_epoch": 12, "acc": 0.7461538314819336, "best_acc": 0.7615384459495544, "loss": 1.5820841136308559, "epoch_time": 2205.4323320388794}, "14": {"global_step": 7994, "best_epoch": 12, "acc": 0.6538461446762085, "best_acc": 0.7615384459495544, "loss": 1.4926854468581974, "epoch_time": 2209.673659801483}, "15": {"global_step": 8565, "best_epoch": 12, "acc": 0.6307692527770996, "best_acc": 0.7615384459495544, "loss": 1.2004661625822037, "epoch_time": 2198.1507177352905}, "16": {"global_step": 9136, "best_epoch": 12, "acc": 0.7230769395828247, "best_acc": 0.7615384459495544, "loss": 1.1360230753540783, "epoch_time": 2200.8090925216675}, "17": {"global_step": 9707, "best_epoch": 12, "acc": 0.7153846025466919, "best_acc": 0.7615384459495544, "loss": 1.0925244882015617, "epoch_time": 2196.9654054641724}, "18": {"global_step": 10278, "best_epoch": 18, "acc": 0.8230769038200378, "best_acc": 0.8230769038200378, "loss": 1.0504205200605865, "epoch_time": 2201.735539674759}, "19": {"global_step": 10849, "best_epoch": 18, "acc": 0.7076923251152039, "best_acc": 0.8230769038200378, "loss": 1.0074564522389982, "epoch_time": 2190.1603996753693}, "20": {"global_step": 11420, "best_epoch": 18, "acc": 0.7692307829856873, "best_acc": 0.8230769038200378, "loss": 0.9744146636579027, "epoch_time": 2205.9624412059784}, "21": {"global_step": 11991, "best_epoch": 18, "acc": 0.7615384459495544, "best_acc": 0.8230769038200378, "loss": 0.9438745723829914, "epoch_time": 2187.70965218544}, "22": {"global_step": 12562, "best_epoch": 18, "acc": 0.8153846263885498, "best_acc": 0.8230769038200378, "loss": 0.9097965063148825, "epoch_time": 2199.755019903183}, "23": {"global_step": 13133, "best_epoch": 18, "acc": 0.6461538672447205, "best_acc": 0.8230769038200378, "loss": 0.8750002773155682, "epoch_time": 2204.7179102897644}, "24": {"global_step": 13704, "best_epoch": 18, "acc": 0.7538461685180664, "best_acc": 0.8230769038200378, "loss": 0.8444948205401414, "epoch_time": 2190.891278028488}, "25": {"global_step": 14275, "best_epoch": 18, "acc": 0.7384615540504456, "best_acc": 0.8230769038200378, "loss": 0.821597403878857, "epoch_time": 2195.4292719364166}, "26": {"global_step": 14846, "best_epoch": 18, "acc": 0.7461538314819336, "best_acc": 0.8230769038200378, "loss": 0.798942644410031, "epoch_time": 2207.288011789322}, "27": {"global_step": 15417, "best_epoch": 18, "acc": 0.7384615540504456, "best_acc": 0.8230769038200378, "loss": 0.7746361994341259, "epoch_time": 2196.8886783123016}, "28": {"global_step": 15988, "best_epoch": 18, "acc": 0.7923076748847961, "best_acc": 0.8230769038200378, "loss": 0.7516894412574386, "epoch_time": 2202.47349357605}, "29": {"global_step": 16559, "best_epoch": 18, "acc": 0.699999988079071, "best_acc": 0.8230769038200378, "loss": 0.7315529948693058, "epoch_time": 2195.1317348480225}, "30": {"global_step": 17130, "best_epoch": 18, "acc": 0.6769230961799622, "best_acc": 0.8230769038200378, "loss": 0.713073200405528, "epoch_time": 2208.768837451935}, "31": {"global_step": 17701, "best_epoch": 18, "acc": 0.7461538314819336, "best_acc": 0.8230769038200378, "loss": 0.6957975102409504, "epoch_time": 2205.731609582901}, "32": {"global_step": 18272, "best_epoch": 18, "acc": 0.7461538314819336, "best_acc": 0.8230769038200378, "loss": 0.6777498312696806, "epoch_time": 2198.8032019138336}, "33": {"global_step": 18843, "best_epoch": 18, "acc": 0.7615384459495544, "best_acc": 0.8230769038200378, "loss": 0.6618669246187687, "epoch_time": 2211.2873389720917}, "34": {"global_step": 19414, "best_epoch": 18, "acc": 0.800000011920929, "best_acc": 0.8230769038200378, "loss": 0.6474351440042571, "epoch_time": 2215.19553232193}, "35": {"global_step": 19985, "best_epoch": 18, "acc": 0.7230769395828247, "best_acc": 0.8230769038200378, "loss": 0.633027269174951, "epoch_time": 2209.186302423477}, "36": {"global_step": 20556, "best_epoch": 18, "acc": 0.7461538314819336, "best_acc": 0.8230769038200378, "loss": 0.6192133381603652, "epoch_time": 2198.9705107212067}, "37": {"global_step": 21127, "best_epoch": 18, "acc": 0.6692307591438293, "best_acc": 0.8230769038200378, "loss": 0.6060931095383284, "epoch_time": 2202.1575396060944}, "38": {"global_step": 21698, "best_epoch": 18, "acc": 0.6692307591438293, "best_acc": 0.8230769038200378, "loss": 0.5931855416655205, "epoch_time": 2204.279892683029}, "39": {"global_step": 22269, "best_epoch": 18, "acc": 0.7461538314819336, "best_acc": 0.8230769038200378, "loss": 0.5807767650650753, "epoch_time": 2202.0006968975067}, "40": {"global_step": 22840, "best_epoch": 18, "acc": 0.7538461685180664, "best_acc": 0.8230769038200378, "loss": 0.572127648652459, "epoch_time": 2200.3625333309174}, "41": {"global_step": 23411, "best_epoch": 18, "acc": 0.7538461685180664, "best_acc": 0.8230769038200378, "loss": 0.561202632015385, "epoch_time": 2198.0274164676666}, "42": {"global_step": 23982, "best_epoch": 18, "acc": 0.7384615540504456, "best_acc": 0.8230769038200378, "loss": 0.5518554259327941, "epoch_time": 2199.7512085437775}, "43": {"global_step": 24553, "best_epoch": 18, "acc": 0.6769230961799622, "best_acc": 0.8230769038200378, "loss": 0.5425777076878525, "epoch_time": 2201.0079803466797}, "44": {"global_step": 25124, "best_epoch": 18, "acc": 0.807692289352417, "best_acc": 0.8230769038200378, "loss": 0.5331325184278216, "epoch_time": 2206.781749486923}, "45": {"global_step": 25695, "best_epoch": 18, "acc": 0.8153846263885498, "best_acc": 0.8230769038200378, "loss": 0.523882966433618, "epoch_time": 2204.5318059921265}, "46": {"global_step": 26266, "best_epoch": 18, "acc": 0.7846153974533081, "best_acc": 0.8230769038200378, "loss": 0.516901912999778, "epoch_time": 2200.848984479904}, "47": {"global_step": 26837, "best_epoch": 18, "acc": 0.7846153974533081, "best_acc": 0.8230769038200378, "loss": 0.22631262461597756, "epoch_time": 2221.3876461982727}, "48": {"global_step": 27408, "best_epoch": 18, "acc": 0.807692289352417, "best_acc": 0.8230769038200378,