{"1": {"global_step": 571, "best_epoch": 1, "acc": 0.3692307770252228, "best_acc": 0.3692307770252228, "loss": 14.064332452630412, "epoch_time": 2196.794320821762}, "2": {"global_step": 1142, "best_epoch": 2, "acc": 0.4384615421295166, "best_acc": 0.4384615421295166, "loss": 13.084224748945486, "epoch_time": 2201.0400919914246}, "3": {"global_step": 1713, "best_epoch": 2, "acc": 0.29230770468711853, "best_acc": 0.4384615421295166, "loss": 11.722905901949515, "epoch_time": 2213.0279698371887}, "4": {"global_step": 2284, "best_epoch": 4, "acc": 0.5769230723381042, "best_acc": 0.5769230723381042, "loss": 10.63990490720485, "epoch_time": 2206.9875922203064}, "5": {"global_step": 2855, "best_epoch": 4, "acc": 0.5230769515037537, "best_acc": 0.5769230723381042, "loss": 9.745480743849132, "epoch_time": 2198.7576286792755}, "6": {"global_step": 3426, "best_epoch": 6, "acc": 0.6769230961799622, "best_acc": 0.6769230961799622, "loss": 8.965614706956359, "epoch_time": 2198.5573465824127}, "7": {"global_step": 3997, "best_epoch": 6, "acc": 0.6000000238418579, "best_acc": 0.6769230961799622, "loss": 8.275337666429696, "epoch_time": 2203.5046937465668}, "8": {"global_step": 4568, "best_epoch": 6, "acc": 0.6692307591438293, "best_acc": 0.6769230961799622, "loss": 3.3286426355458807, "epoch_time": 2207.420432329178}, "9": {"global_step": 5139, "best_epoch": 9, "acc": 0.6846153736114502, "best_acc": 0.6846153736114502, "loss": 2.6556395087684725, "epoch_time": 2203.59499335289}, "10": {"global_step": 5710, "best_epoch": 9, "acc": 0.6692307591438293, "best_acc": 0.6846153736114502, "loss": 2.4486601730570485, "epoch_time": 2186.900391817093}, "11": {"global_step": 6281, "best_epoch": 9, "acc": 0.607692301273346, "best_acc": 0.6846153736114502, "loss": 2.2637425605762234, "epoch_time": 2191.2842557430267}, "12": {"global_step": 6852, "best_epoch": 12, "acc": 0.7384615540504456, "best_acc": 0.7384615540504456, "loss": 2.1120037582887243, "epoch_time": 2192.733070373535}, "13": {"global_step": 7423, "best_epoch": 12, "acc": 0.7153846025466919, "best_acc": 0.7384615540504456, "loss": 1.989475047953701, "epoch_time": 2181.5059473514557}, "14": {"global_step": 7994, "best_epoch": 12, "acc": 0.6461538672447205, "best_acc": 0.7384615540504456, "loss": 1.8708959672789232, "epoch_time": 2189.9984385967255}, "15": {"global_step": 8565, "best_epoch": 12, "acc": 0.6692307591438293, "best_acc": 0.7384615540504456, "loss": 1.7690042615428936, "epoch_time": 2192.2537183761597}, "16": {"global_step": 9136, "best_epoch": 12, "acc": 0.699999988079071, "best_acc": 0.7384615540504456, "loss": 1.6849266954170843, "epoch_time": 2195.669220685959}, "17": {"global_step": 9707, "best_epoch": 12, "acc": 0.7153846025466919, "best_acc": 0.7384615540504456, "loss": 1.6075557784495778, "epoch_time": 2190.711107969284}, "18": {"global_step": 10278, "best_epoch": 12, "acc": 0.6769230961799622, "best_acc": 0.7384615540504456, "loss": 1.5346012114878294, "epoch_time": 2178.1817951202393}, "19": {"global_step": 10849, "best_epoch": 12, "acc": 0.7230769395828247, "best_acc": 0.7384615540504456, "loss": 1.4679053478029538, "epoch_time": 2180.072878599167}, "20": {"global_step": 11420, "best_epoch": 12, "acc": 0.7076923251152039, "best_acc": 0.7384615540504456, "loss": 1.409957884108975, "epoch_time": 2182.594596862793}, "21": {"global_step": 11991, "best_epoch": 12, "acc": 0.7076923251152039, "best_acc": 0.7384615540504456, "loss": 1.3526074063997937, "epoch_time": 2178.6651632785797}, "22": {"global_step": 12562, "best_epoch": 12, "acc": 0.7076923251152039, "best_acc": 0.7384615540504456, "loss": 1.3034718071015248, "epoch_time": 2177.580600976944}, "23": {"global_step": 13133, "best_epoch": 12, "acc": 0.7307692170143127, "best_acc": 0.7384615540504456, "loss": 1.254670906301764, "epoch_time": 2184.9736211299896}, "24": {"global_step": 13704, "best_epoch": 12, "acc": 0.6769230961799622, "best_acc": 0.7384615540504456, "loss": 1.211121514842857, "epoch_time": 2188.331431865692}, "25": {"global_step": 14275, "best_epoch": 12, "acc": 0.6846153736114502, "best_acc": 0.7384615540504456, "loss": 1.1744392164814474, "epoch_time": 2183.585204601288}, "26": {"global_step": 14846, "best_epoch": 12, "acc": 0.7307692170143127, "best_acc": 0.7384615540504456, "loss": 1.1348839520996334, "epoch_time": 2178.6615011692047}, "27": {"global_step": 15417, "best_epoch": 12, "acc": 0.6769230961799622, "best_acc": 0.7384615540504456, "loss": 1.100649840450753, "epoch_time": 2187.211501121521}, "28": {"global_step": 15988, "best_epoch": 12, "acc": 0.6692307591438293, "best_acc": 0.7384615540504456, "loss": 1.0693253076491769, "epoch_time": 2190.904290676117}, "29": {"global_step": 16559, "best_epoch": 12, "acc": 0.6769230961799622, "best_acc": 0.7384615540504456, "loss": 1.0356293065106377, "epoch_time": 2189.6404757499695}, "30": {"global_step": 17130, "best_epoch": 12, "acc": 0.6769230961799622, "best_acc": 0.7384615540504456, "loss": 1.0071411826796837, "epoch_time": 2185.2086050510406}, "31": {"global_step": 17701, "best_epoch": 12, "acc": 0.6846153736114502, "best_acc": 0.7384615540504456, "loss": 0.9812793165919321, "epoch_time": 2176.8941328525543}, "32": {"global_step": 18272, "best_epoch": 12, "acc": 0.6846153736114502, "best_acc": 0.7384615540504456, "loss": 0.9548370924712226, "epoch_time": 2187.5999686717987}, "33": {"global_step": 18843, "best_epoch": 33, "acc": 0.7538461685180664, "best_acc": 0.7538461685180664, "loss": 0.3579671924049769, "epoch_time": 2224.829639196396}, "34": {"global_step": 19414, "best_epoch": 33, "acc": 0.7307692170143127, "best_acc": 0.7538461685180664, "loss": 0.355384444269872, "epoch_time": 2233.127652645111}, "35": {"global_step": 19985, "best_epoch": 35, "acc": 0.7615384459495544, "best_acc": 0.7615384459495544, "loss": 0.3548872342612649, "epoch_time": 2215.4323060512543}, "36": {"global_step": 20556, "best_epoch": 36, "acc": 0.8153846263885498, "best_acc": 0.8153846263885498, "loss": 0.34309020781507893, "epoch_time": 2217.9689497947693}, "37": {"global_step": 21127, "best_epoch": 36, "acc": 0.7384615540504456, "best_acc": 0.8153846263885498, "loss": 0.32707724806929295, "epoch_time": 2214.970440387726}, "38": {"global_step": 21698, "best_epoch": 36, "acc": 0.7153846025466919, "best_acc": 0.8153846263885498, "loss": 0.31720268089319886, "epoch_time": 2213.454345226288}, "39": {"global_step": 22269, "best_epoch": 36, "acc": 0.8153846263885498, "best_acc": 0.8153846263885498, "loss": 0.3070661178867507, "epoch_time": 2213.5113213062286}, "40": {"global_step": 22840, "best_epoch": 36, "acc": 0.7384615540504456, "best_acc": 0.8153846263885498, "loss": 0.3036261820301231, "epoch_time": 2212.219883918762}, "41": {"global_step": 23411, "best_epoch": 36, "acc": 0.7769230604171753, "best_acc": 0.8153846263885498, "loss": 0.29585028341218345, "epoch_time": 2207.864331960678}, "42": {"global_step": 23982, "best_epoch": 36, "acc": 0.7923076748847961, "best_acc": 0.8153846263885498, "loss": 0.29242225496453966, "epoch_time": 2205.284670352936}, "43": {"global_step": 24553, "best_epoch": 36, "acc": 0.7230769395828247, "best_acc": 0.8153846263885498, "loss": 0.2929123958088327, "epoch_time": 2208.198318719864}, "44": {"global_step": 25124, "best_epoch": 36, "acc": 0.692307710647583, "best_acc": 0.8153846263885498, "loss": 0.2849034770562415, "epoch_time": 2204.36944937706}, "45": {"global_step": 25695, "best_epoch": 36, "acc": 0.692307710647583, "best_acc": 0.8153846263885498, "loss": 0.2782813219739297, "epoch_time": 2202.3460891246796}, "46": {"global_step": 26266, "best_epoch": 36, "acc": 0.8153846263885498, "best_acc": 0.8153846263885498, "loss": 0.28083942582266747, "epoch_time": 2210.0570578575134}, "47": {"global_step": 26837, "best_epoch": 36, "acc": 0.7230769395828247, "best_acc": 0.8153846263885498, "loss": 0.2770085916254355, "epoch_time": 2210.871730327606}, "48": {"global_step": 27408, "best_epoch": 36, "acc": 0.7230769395828247, "best_acc": 0.8153846263885498,