{"1": {"global_step": 571, "best_epoch": 1, "acc": 0.48461538553237915, "best_acc": 0.48461538553237915, "loss": 5.605193293867094, "epoch_time": 1348.5852704048157}, "2": {"global_step": 1142, "best_epoch": 2, "acc": 0.5461538434028625, "best_acc": 0.5461538434028625, "loss": 4.392097179923082, "epoch_time": 1345.1465167999268}, "3": {"global_step": 1713, "best_epoch": 3, "acc": 0.6461538672447205, "best_acc": 0.6461538672447205, "loss": 3.5869260684342947, "epoch_time": 1343.6102380752563}, "4": {"global_step": 2284, "best_epoch": 4, "acc": 0.7538461685180664, "best_acc": 0.7538461685180664, "loss": 3.002666255455927, "epoch_time": 1341.946709394455}, "5": {"global_step": 2855, "best_epoch": 4, "acc": 0.6461538672447205, "best_acc": 0.7538461685180664, "loss": 2.5771309017404365, "epoch_time": 1341.0359256267548}, "6": {"global_step": 3426, "best_epoch": 6, "acc": 0.7769230604171753, "best_acc": 0.7769230604171753, "loss": 2.2598396916871035, "epoch_time": 1343.0972154140472}, "7": {"global_step": 3997, "best_epoch": 6, "acc": 0.7461538314819336, "best_acc": 0.7769230604171753, "loss": 2.015795837570525, "epoch_time": 1340.0914363861084}, "8": {"global_step": 4568, "best_epoch": 6, "acc": 0.7153846025466919, "best_acc": 0.7769230604171753, "loss": 1.823461143117261, "epoch_time": 1340.6790311336517}, "9": {"global_step": 5139, "best_epoch": 6, "acc": 0.692307710647583, "best_acc": 0.7769230604171753, "loss": 1.6678432321201666, "epoch_time": 1341.6549417972565}, "10": {"global_step": 5710, "best_epoch": 10, "acc": 0.7923076748847961, "best_acc": 0.7923076748847961, "loss": 1.5389486088657234, "epoch_time": 1339.0484976768494}, "11": {"global_step": 6281, "best_epoch": 11, "acc": 0.8230769038200378, "best_acc": 0.8230769038200378, "loss": 1.4304416770341764, "epoch_time": 1340.2323291301727}, "12": {"global_step": 6852, "best_epoch": 11, "acc": 0.7692307829856873, "best_acc": 0.8230769038200378, "loss": 1.3373790834478543, "epoch_time": 1337.4534406661987}, "13": {"global_step": 7423, "best_epoch": 11, "acc": 0.7769230604171753, "best_acc": 0.8230769038200378, "loss": 1.2576062073076686, "epoch_time": 1341.418937921524}, "14": {"global_step": 7994, "best_epoch": 14, "acc": 0.8307692408561707, "best_acc": 0.8307692408561707, "loss": 1.187411347429287, "epoch_time": 1339.6132771968842}, "15": {"global_step": 8565, "best_epoch": 14, "acc": 0.7461538314819336, "best_acc": 0.8307692408561707, "loss": 1.1258216780807737, "epoch_time": 1340.4057457447052}, "16": {"global_step": 9136, "best_epoch": 14, "acc": 0.7153846025466919, "best_acc": 0.8307692408561707, "loss": 1.071044767091961, "epoch_time": 1337.9418787956238}, "17": {"global_step": 9707, "best_epoch": 14, "acc": 0.7461538314819336, "best_acc": 0.8307692408561707, "loss": 1.0216801402787368, "epoch_time": 1340.3499767780304}, "18": {"global_step": 10278, "best_epoch": 14, "acc": 0.7230769395828247, "best_acc": 0.8307692408561707, "loss": 0.977796056537285, "epoch_time": 1339.5245516300201}, "19": {"global_step": 10849, "best_epoch": 14, "acc": 0.7615384459495544, "best_acc": 0.8307692408561707, "loss": 0.9364378724019902, "epoch_time": 1339.287031173706}, "20": {"global_step": 11420, "best_epoch": 14, "acc": 0.7846153974533081, "best_acc": 0.8307692408561707, "loss": 0.9001645301253374, "epoch_time": 1341.8959577083588}, "21": {"global_step": 11991, "best_epoch": 14, "acc": 0.6846153736114502, "best_acc": 0.8307692408561707, "loss": 0.8658986917582954, "epoch_time": 1335.5077712535858}, "22": {"global_step": 12562, "best_epoch": 14, "acc": 0.7692307829856873, "best_acc": 0.8307692408561707, "loss": 0.8346049456954711, "epoch_time": 1342.3959171772003}, "23": {"global_step": 13133, "best_epoch": 14, "acc": 0.692307710647583, "best_acc": 0.8307692408561707, "loss": 0.80531757324778, "epoch_time": 1341.4569857120514}, "24": {"global_step": 13704, "best_epoch": 14, "acc": 0.7384615540504456, "best_acc": 0.8307692408561707, "loss": 0.778880882429529, "epoch_time": 1338.349868774414}, "25": {"global_step": 14275, "best_epoch": 25, "acc": 0.8538461327552795, "best_acc": 0.8538461327552795, "loss": 0.7546623909653812, "epoch_time": 1338.761732339859}, "26": {"global_step": 14846, "best_epoch": 25, "acc": 0.7153846025466919, "best_acc": 0.8538461327552795, "loss": 0.7313560113305105, "epoch_time": 1336.4325988292694}, "27": {"global_step": 15417, "best_epoch": 25, "acc": 0.800000011920929, "best_acc": 0.8538461327552795, "loss": 0.7106050085227132, "epoch_time": 1338.9686274528503}, "28": {"global_step": 15988, "best_epoch": 25, "acc": 0.7230769395828247, "best_acc": 0.8538461327552795, "loss": 0.6900450384559987, "epoch_time": 1339.5596723556519}, "29": {"global_step": 16559, "best_epoch": 25, "acc": 0.699999988079071, "best_acc": 0.8538461327552795, "loss": 0.6712566703840082, "epoch_time": 1338.3824825286865}, "30": {"global_step": 17130, "best_epoch": 25, "acc": 0.7846153974533081, "best_acc": 0.8538461327552795, "loss": 0.65347756504919, "epoch_time": 1337.7289276123047}, "31": {"global_step": 17701, "best_epoch": 25, "acc": 0.7461538314819336, "best_acc": 0.8538461327552795, "loss": 0.6368318997054077, "epoch_time": 1341.168419599533}, "32": {"global_step": 18272, "best_epoch": 25, "acc": 0.7538461685180664, "best_acc": 0.8538461327552795, "loss": 0.621019310919022, "epoch_time": 1338.562528848648}, "33": {"global_step": 18843, "best_epoch": 25, "acc": 0.7692307829856873, "best_acc": 0.8538461327552795, "loss": 0.6063552983560762, "epoch_time": 1336.3532898426056}, "34": {"global_step": 19414, "best_epoch": 25, "acc": 0.7538461685180664, "best_acc": 0.8538461327552795, "loss": 0.5920469938734021, "epoch_time": 1340.1157748699188}, "35": {"global_step": 19985, "best_epoch": 25, "acc": 0.8384615182876587, "best_acc": 0.8538461327552795, "loss": 0.5788189328615226, "epoch_time": 1339.506694316864}, "36": {"global_step": 20556, "best_epoch": 25, "acc": 0.7461538314819336, "best_acc": 0.8538461327552795, "loss": 0.5659444306002752, "epoch_time": 1337.739830493927}, "37": {"global_step": 21127, "best_epoch": 25, "acc": 0.7461538314819336, "best_acc": 0.8538461327552795, "loss": 0.5541563192305146, "epoch_time": 1337.7362937927246}, "38": {"global_step": 21698, "best_epoch": 25, "acc": 0.7615384459495544, "best_acc": 0.8538461327552795, "loss": 0.5425246657452778, "epoch_time": 1337.7988812923431}, "39": {"global_step": 22269, "best_epoch": 25, "acc": 0.7384615540504456, "best_acc": 0.8538461327552795, "loss": 0.5314051072340766, "epoch_time": 1338.6182956695557}, "40": {"global_step": 22840, "best_epoch": 25, "acc": 0.7538461685180664, "best_acc": 0.8538461327552795, "loss": 0.5211036272278979, "epoch_time": 1338.9004876613617}, "41": {"global_step": 23411, "best_epoch": 25, "acc": 0.7384615540504456, "best_acc": 0.8538461327552795, "loss": 0.5112189485436768, "epoch_time": 1338.5423896312714}, "42": {"global_step": 23982, "best_epoch": 25, "acc": 0.7615384459495544, "best_acc": 0.8538461327552795, "loss": 0.5015577608576364, "epoch_time": 1338.6453602313995}, "43": {"global_step": 24553, "best_epoch": 25, "acc": 0.7384615540504456, "best_acc": 0.8538461327552795, "loss": 0.4923138121032016, "epoch_time": 1338.1959872245789}, "44": {"global_step": 25124, "best_epoch": 25, "acc": 0.7692307829856873, "best_acc": 0.8538461327552795, "loss": 0.48356103550352775, "epoch_time": 1337.0104055404663}, "45": {"global_step": 25695, "best_epoch": 25, "acc": 0.8153846263885498, "best_acc": 0.8538461327552795, "loss": 0.4754933421469581, "epoch_time": 1336.7633593082428}, "46": {"global_step": 26266, "best_epoch": 25, "acc": 0.7615384459495544, "best_acc": 0.8538461327552795, "loss": 0.46719777446589195, "epoch_time": 1336.119969367981}, "47": {"global_step": 26837, "best_epoch": 25, "acc": 0.6692307591438293, "best_acc": 0.8538461327552795, "loss": 0.459601428360467, "epoch_time": 1337.6416919231415}, "48": {"global_step": 27408, "best_epoch": 25, "acc": 0.7538461685180664, "best_acc": 0.8538461327552795,