{"1": {"global_step": 571, "best_epoch": 1, "acc": 0.3692307770252228, "best_acc": 0.3692307770252228, "loss": 14.064332452630412, "epoch_time": 2243.1407618522644}, "2": {"global_step": 1142, "best_epoch": 2, "acc": 0.4384615421295166, "best_acc": 0.4384615421295166, "loss": 13.084224748945486, "epoch_time": 2267.59117102623}, "3": {"global_step": 1713, "best_epoch": 2, "acc": 0.29230770468711853, "best_acc": 0.4384615421295166, "loss": 11.722905901949515, "epoch_time": 2239.0951523780823}, "4": {"global_step": 2284, "best_epoch": 4, "acc": 0.5769230723381042, "best_acc": 0.5769230723381042, "loss": 10.63990490720485, "epoch_time": 2238.248217821121}, "5": {"global_step": 2855, "best_epoch": 4, "acc": 0.5230769515037537, "best_acc": 0.5769230723381042, "loss": 9.745480743849132, "epoch_time": 2219.7060856819153}, "6": {"global_step": 3426, "best_epoch": 6, "acc": 0.6769230961799622, "best_acc": 0.6769230961799622, "loss": 8.965614706956359, "epoch_time": 2213.5961208343506}, "7": {"global_step": 3997, "best_epoch": 6, "acc": 0.6000000238418579, "best_acc": 0.6769230961799622, "loss": 8.275337666429696, "epoch_time": 2232.4297647476196}, "8": {"global_step": 4568, "best_epoch": 6, "acc": 0.6769230961799622, "best_acc": 0.6769230961799622, "loss": 7.653617543691929, "epoch_time": 2203.3626670837402}, "9": {"global_step": 5139, "best_epoch": 6, "acc": 0.5923076868057251, "best_acc": 0.6769230961799622, "loss": 7.098390981714465, "epoch_time": 2213.034200668335}, "10": {"global_step": 5710, "best_epoch": 6, "acc": 0.6692307591438293, "best_acc": 0.6769230961799622, "loss": 6.628137540838138, "epoch_time": 2226.1038558483124}, "11": {"global_step": 6281, "best_epoch": 11, "acc": 0.6846153736114502, "best_acc": 0.6846153736114502, "loss": 6.197043282479698, "epoch_time": 2211.6897234916687}, "12": {"global_step": 6852, "best_epoch": 11, "acc": 0.6692307591438293, "best_acc": 0.6846153736114502, "loss": 5.818581852703086, "epoch_time": 2256.578906059265}, "13": {"global_step": 7423, "best_epoch": 13, "acc": 0.7692307829856873, "best_acc": 0.7692307829856873, "loss": 1.4548502178200489, "epoch_time": 2242.5459349155426}, "14": {"global_step": 7994, "best_epoch": 13, "acc": 0.7307692170143127, "best_acc": 0.7692307829856873, "loss": 1.3807871776996685, "epoch_time": 2225.0914998054504}, "15": {"global_step": 8565, "best_epoch": 13, "acc": 0.6461538672447205, "best_acc": 0.7692307829856873, "loss": 1.322175863588754, "epoch_time": 2219.5947818756104}, "16": {"global_step": 9136, "best_epoch": 13, "acc": 0.7538461685180664, "best_acc": 0.7692307829856873, "loss": 1.2690405260034283, "epoch_time": 2232.481379508972}}