{"1": {"global_step": 285, "best_epoch": 1, "acc": 0.5076923370361328, "best_acc": 0.5076923370361328, "loss": 2.252651814410561, "epoch_time": 734.262576341629}, "2": {"global_step": 570, "best_epoch": 2, "acc": 0.5615384578704834, "best_acc": 0.5615384578704834, "loss": 2.153915964720542, "epoch_time": 733.3007090091705}, "3": {"global_step": 855, "best_epoch": 3, "acc": 0.6000000238418579, "best_acc": 0.6000000238418579, "loss": 1.8865956882984318, "epoch_time": 730.1210985183716}, "4": {"global_step": 1140, "best_epoch": 4, "acc": 0.6692307591438293, "best_acc": 0.6692307591438293, "loss": 1.6325110348954535, "epoch_time": 726.9801363945007}, "5": {"global_step": 1425, "best_epoch": 5, "acc": 0.6846153736114502, "best_acc": 0.6846153736114502, "loss": 1.4440190672665312, "epoch_time": 728.9203081130981}, "6": {"global_step": 1710, "best_epoch": 6, "acc": 0.7230769395828247, "best_acc": 0.7230769395828247, "loss": 1.2976381223801283, "epoch_time": 729.8182098865509}, "7": {"global_step": 1995, "best_epoch": 6, "acc": 0.699999988079071, "best_acc": 0.7230769395828247, "loss": 1.1868654182082727, "epoch_time": 720.9827980995178}, "8": {"global_step": 2280, "best_epoch": 6, "acc": 0.7153846025466919, "best_acc": 0.7230769395828247, "loss": 1.091657823265383, "epoch_time": 724.5258274078369}, "9": {"global_step": 2565, "best_epoch": 9, "acc": 0.7923076748847961, "best_acc": 0.7923076748847961, "loss": 1.012705173077639, "epoch_time": 724.3839952945709}, "10": {"global_step": 2850, "best_epoch": 9, "acc": 0.7769230604171753, "best_acc": 0.7923076748847961, "loss": 0.9454934684723093, "epoch_time": 726.0624530315399}, "11": {"global_step": 3135, "best_epoch": 9, "acc": 0.7846153974533081, "best_acc": 0.7923076748847961, "loss": 0.8874267530046772, "epoch_time": 727.1910359859467}, "12": {"global_step": 3420, "best_epoch": 9, "acc": 0.7384615540504456, "best_acc": 0.7923076748847961, "loss": 0.8382604655009089, "epoch_time": 727.8613619804382}, "13": {"global_step": 3705, "best_epoch": 9, "acc": 0.7461538314819336, "best_acc": 0.7923076748847961, "loss": 0.7926672157930781, "epoch_time": 726.1706790924072}, "14": {"global_step": 3990, "best_epoch": 14, "acc": 0.800000011920929, "best_acc": 0.800000011920929, "loss": 0.7515059298683976, "epoch_time": 723.4859516620636}, "15": {"global_step": 4275, "best_epoch": 14, "acc": 0.7846153974533081, "best_acc": 0.800000011920929, "loss": 0.7147063226605717, "epoch_time": 726.273695230484}, "16": {"global_step": 4560, "best_epoch": 16, "acc": 0.8461538553237915, "best_acc": 0.8461538553237915, "loss": 0.6819859801807947, "epoch_time": 725.1884188652039}, "17": {"global_step": 4845, "best_epoch": 16, "acc": 0.8461538553237915, "best_acc": 0.8461538553237915, "loss": 0.6522153746132942, "epoch_time": 722.8542377948761}, "18": {"global_step": 5130, "best_epoch": 16, "acc": 0.7615384459495544, "best_acc": 0.8461538553237915, "loss": 0.6252170823732315, "epoch_time": 730.673876285553}, "19": {"global_step": 5415, "best_epoch": 16, "acc": 0.7384615540504456, "best_acc": 0.8461538553237915, "loss": 0.5999974884457425, "epoch_time": 725.5133929252625}, "20": {"global_step": 5700, "best_epoch": 16, "acc": 0.8384615182876587, "best_acc": 0.8461538553237915, "loss": 0.5771735043951163, "epoch_time": 723.6583063602448}, "21": {"global_step": 5985, "best_epoch": 16, "acc": 0.807692289352417, "best_acc": 0.8461538553237915, "loss": 0.555725816372119, "epoch_time": 724.8074417114258}, "22": {"global_step": 6270, "best_epoch": 22, "acc": 0.8538461327552795, "best_acc": 0.8538461327552795, "loss": 0.5361308262916653, "epoch_time": 726.4006943702698}, "23": {"global_step": 6555, "best_epoch": 22, "acc": 0.800000011920929, "best_acc": 0.8538461327552795, "loss": 0.5181783862960397, "epoch_time": 726.6608998775482}, "24": {"global_step": 6840, "best_epoch": 22, "acc": 0.807692289352417, "best_acc": 0.8538461327552795, "loss": 0.5011379396883302, "epoch_time": 723.5527698993683}, "25": {"global_step": 7125, "best_epoch": 22, "acc": 0.8384615182876587, "best_acc": 0.8538461327552795, "loss": 0.48525834204465673, "epoch_time": 726.5235149860382}, "26": {"global_step": 7410, "best_epoch": 22, "acc": 0.8384615182876587, "best_acc": 0.8538461327552795, "loss": 0.470513956549272, "epoch_time": 725.7913522720337}, "27": {"global_step": 7695, "best_epoch": 22, "acc": 0.8461538553237915, "best_acc": 0.8538461327552795, "loss": 0.4566133869656975, "epoch_time": 727.628297328949}, "28": {"global_step": 7980, "best_epoch": 28, "acc": 0.8769230842590332, "best_acc": 0.8769230842590332, "loss": 0.4435558635434533, "epoch_time": 724.7500736713409}, "29": {"global_step": 8265, "best_epoch": 28, "acc": 0.8307692408561707, "best_acc": 0.8769230842590332, "loss": 0.43101809581271805, "epoch_time": 726.1064507961273}, "30": {"global_step": 8550, "best_epoch": 28, "acc": 0.8461538553237915, "best_acc": 0.8769230842590332, "loss": 0.4196256713150886, "epoch_time": 723.4877824783325}, "31": {"global_step": 8835, "best_epoch": 28, "acc": 0.7307692170143127, "best_acc": 0.8769230842590332, "loss": 0.4089220082468496, "epoch_time": 722.1744298934937}, "32": {"global_step": 9120, "best_epoch": 28, "acc": 0.7769230604171753, "best_acc": 0.8769230842590332, "loss": 0.3987273075158316, "epoch_time": 727.1111814975739}, "33": {"global_step": 9405, "best_epoch": 28, "acc": 0.8230769038200378, "best_acc": 0.8769230842590332, "loss": 0.38879502809119787, "epoch_time": 727.6404447555542}, "34": {"global_step": 9690, "best_epoch": 28, "acc": 0.8461538553237915, "best_acc": 0.8769230842590332, "loss": 0.37947456989133627, "epoch_time": 728.8592674732208}, "35": {"global_step": 9975, "best_epoch": 28, "acc": 0.7615384459495544, "best_acc": 0.8769230842590332, "loss": 0.3705624841952832, "epoch_time": 735.497181892395}, "36": {"global_step": 10260, "best_epoch": 28, "acc": 0.8692307472229004, "best_acc": 0.8769230842590332, "loss": 0.36210704011126416, "epoch_time": 724.5752787590027}, "37": {"global_step": 10545, "best_epoch": 28, "acc": 0.8230769038200378, "best_acc": 0.8769230842590332, "loss": 0.3539581140502404, "epoch_time": 721.1281514167786}, "38": {"global_step": 10830, "best_epoch": 28, "acc": 0.8461538553237915, "best_acc": 0.8769230842590332, "loss": 0.34625761464327603, "epoch_time": 723.4070980548859}, "39": {"global_step": 11115, "best_epoch": 28, "acc": 0.8384615182876587, "best_acc": 0.8769230842590332, "loss": 0.33892513919915807, "epoch_time": 729.8572678565979}, "40": {"global_step": 11400, "best_epoch": 28, "acc": 0.8384615182876587, "best_acc": 0.8769230842590332, "loss": 0.06177329788343948, "epoch_time": 733.5417633056641}, "41": {"global_step": 11685, "best_epoch": 28, "acc": 0.8461538553237915, "best_acc": 0.8769230842590332, "loss": 0.062150652441931395, "epoch_time": 734.0353789329529}, "42": {"global_step": 11970, "best_epoch": 28, "acc": 0.8615384697914124, "best_acc": 0.8769230842590332, "loss": 0.0644023525730124, "epoch_time": 729.806969165802}, "43": {"global_step": 12255, "best_epoch": 28, "acc": 0.7846153974533081, "best_acc": 0.8769230842590332, "loss": 0.06356739386417821, "epoch_time": 727.6795492172241}, "44": {"global_step": 12540, "best_epoch": 28, "acc": 0.8307692408561707, "best_acc": 0.8769230842590332, "loss": 0.06069238177157547, "epoch_time": 726.210508108139}, "45": {"global_step": 12825, "best_epoch": 28, "acc": 0.8384615182876587, "best_acc": 0.8769230842590332, "loss": 0.0600337032702539, "epoch_time": 731.4716374874115}, "46": {"global_step": 13110, "best_epoch": 28, "acc": 0.8461538553237915, "best_acc": 0.8769230842590332, "loss": 0.05875765283552365, "epoch_time": 726.747926235199}, "47": {"global_step": 13395, "best_epoch": 28, "acc": 0.8769230842590332, "best_acc": 0.8769230842590332, "loss": 0.05754416091714806, "epoch_time": 730.9211089611053}, "48": {"global_step": 13680, "best_epoch": 28, "acc": 0.8461538553237915, "best_acc": 0.8769230842590332, "loss": 0.057348229298204705, "epoch_time": 724.9808630943298},