{"1": {"global_step": 571, "best_epoch": 1, "acc": 0.3384615480899811, "best_acc": 0.3384615480899811, "loss": 5.816004781088353, "epoch_time": 1348.5010237693787}, "2": {"global_step": 1142, "best_epoch": 2, "acc": 0.4307692348957062, "best_acc": 0.4307692348957062, "loss": 5.106161563910035, "epoch_time": 1355.2488632202148}, "3": {"global_step": 1713, "best_epoch": 2, "acc": 0.4307692348957062, "best_acc": 0.4307692348957062, "loss": 4.578623817736687, "epoch_time": 1355.143373966217}, "4": {"global_step": 2284, "best_epoch": 4, "acc": 0.6000000238418579, "best_acc": 0.6000000238418579, "loss": 4.151985995928168, "epoch_time": 1356.786526441574}, "5": {"global_step": 2855, "best_epoch": 5, "acc": 0.6384615302085876, "best_acc": 0.6384615302085876, "loss": 3.787267101207673, "epoch_time": 1357.7300078868866}, "6": {"global_step": 3426, "best_epoch": 6, "acc": 0.7307692170143127, "best_acc": 0.7307692170143127, "loss": 3.4762307182258843, "epoch_time": 1353.797949552536}, "7": {"global_step": 3997, "best_epoch": 6, "acc": 0.6769230961799622, "best_acc": 0.7307692170143127, "loss": 3.2097937295608054, "epoch_time": 1355.4670162200928}, "8": {"global_step": 4568, "best_epoch": 6, "acc": 0.692307710647583, "best_acc": 0.7307692170143127, "loss": 2.979245998617751, "epoch_time": 1355.29958486557}, "9": {"global_step": 5139, "best_epoch": 6, "acc": 0.692307710647583, "best_acc": 0.7307692170143127, "loss": 2.7825272686867937, "epoch_time": 1352.0751495361328}, "10": {"global_step": 5710, "best_epoch": 6, "acc": 0.692307710647583, "best_acc": 0.7307692170143127, "loss": 2.609790532956399, "epoch_time": 1354.8821294307709}, "11": {"global_step": 6281, "best_epoch": 6, "acc": 0.7230769395828247, "best_acc": 0.7307692170143127, "loss": 2.458294242833986, "epoch_time": 1354.73867893219}, "12": {"global_step": 6852, "best_epoch": 12, "acc": 0.7615384459495544, "best_acc": 0.7615384459495544, "loss": 2.324563549178007, "epoch_time": 1353.5765829086304}, "13": {"global_step": 7423, "best_epoch": 12, "acc": 0.7615384459495544, "best_acc": 0.7615384459495544, "loss": 2.204236558027125, "epoch_time": 1352.5282773971558}, "14": {"global_step": 7994, "best_epoch": 12, "acc": 0.699999988079071, "best_acc": 0.7615384459495544, "loss": 2.0943650298318266, "epoch_time": 1352.6238582134247}, "15": {"global_step": 8565, "best_epoch": 15, "acc": 0.7846153974533081, "best_acc": 0.7846153974533081, "loss": 1.9949865688932478, "epoch_time": 1348.1941905021667}, "16": {"global_step": 9136, "best_epoch": 15, "acc": 0.7307692170143127, "best_acc": 0.7846153974533081, "loss": 1.905776905951183, "epoch_time": 1352.237247467041}, "17": {"global_step": 9707, "best_epoch": 15, "acc": 0.6846153736114502, "best_acc": 0.7846153974533081, "loss": 1.8246121034609482, "epoch_time": 1353.079095363617}, "18": {"global_step": 10278, "best_epoch": 15, "acc": 0.7153846025466919, "best_acc": 0.7846153974533081, "loss": 1.7502139908531442, "epoch_time": 1352.3419630527496}, "19": {"global_step": 10849, "best_epoch": 15, "acc": 0.699999988079071, "best_acc": 0.7846153974533081, "loss": 1.6799473562996798, "epoch_time": 1352.2960755825043}, "20": {"global_step": 11420, "best_epoch": 15, "acc": 0.7153846025466919, "best_acc": 0.7846153974533081, "loss": 1.6166970659680209, "epoch_time": 1352.3576817512512}, "21": {"global_step": 11991, "best_epoch": 15, "acc": 0.692307710647583, "best_acc": 0.7846153974533081, "loss": 1.557660032674818, "epoch_time": 1350.3609502315521}, "22": {"global_step": 12562, "best_epoch": 15, "acc": 0.692307710647583, "best_acc": 0.7846153974533081, "loss": 1.5028988460054815, "epoch_time": 1349.9290194511414}, "23": {"global_step": 13133, "best_epoch": 15, "acc": 0.7153846025466919, "best_acc": 0.7846153974533081, "loss": 1.4520579672221463, "epoch_time": 1343.662142276764}, "24": {"global_step": 13704, "best_epoch": 15, "acc": 0.7153846025466919, "best_acc": 0.7846153974533081, "loss": 1.4061606159565292, "epoch_time": 1343.9422419071198}, "25": {"global_step": 14275, "best_epoch": 15, "acc": 0.7692307829856873, "best_acc": 0.7846153974533081, "loss": 1.3612874342887393, "epoch_time": 1339.8952326774597}, "26": {"global_step": 14846, "best_epoch": 15, "acc": 0.7615384459495544, "best_acc": 0.7846153974533081, "loss": 1.318826577926907, "epoch_time": 1337.519828081131}, "27": {"global_step": 15417, "best_epoch": 27, "acc": 0.7923076748847961, "best_acc": 0.7923076748847961, "loss": 1.2803236187454474, "epoch_time": 1346.3529765605927}, "28": {"global_step": 15988, "best_epoch": 27, "acc": 0.7076923251152039, "best_acc": 0.7923076748847961, "loss": 1.243383550498246, "epoch_time": 1392.3516483306885}, "29": {"global_step": 16559, "best_epoch": 27, "acc": 0.7384615540504456, "best_acc": 0.7923076748847961, "loss": 1.208983322591655, "epoch_time": 1374.619027376175}, "30": {"global_step": 17130, "best_epoch": 27, "acc": 0.6769230961799622, "best_acc": 0.7923076748847961, "loss": 1.1760135887888241, "epoch_time": 1378.9901707172394}, "31": {"global_step": 17701, "best_epoch": 27, "acc": 0.7307692170143127, "best_acc": 0.7923076748847961, "loss": 1.145566129627383, "epoch_time": 1398.5698227882385}, "32": {"global_step": 18272, "best_epoch": 27, "acc": 0.7769230604171753, "best_acc": 0.7923076748847961, "loss": 1.1168278971700314, "epoch_time": 1367.8742620944977}, "33": {"global_step": 18843, "best_epoch": 27, "acc": 0.7076923251152039, "best_acc": 0.7923076748847961, "loss": 1.089134754692172, "epoch_time": 1362.1575465202332}, "34": {"global_step": 19414, "best_epoch": 27, "acc": 0.7461538314819336, "best_acc": 0.7923076748847961, "loss": 1.0636138780338706, "epoch_time": 1377.4081008434296}, "35": {"global_step": 19985, "best_epoch": 27, "acc": 0.7076923251152039, "best_acc": 0.7923076748847961, "loss": 1.0385173540834076, "epoch_time": 1373.1787326335907}, "36": {"global_step": 20556, "best_epoch": 27, "acc": 0.6769230961799622, "best_acc": 0.7923076748847961, "loss": 1.0141142863835262, "epoch_time": 1388.3836216926575}, "37": {"global_step": 21127, "best_epoch": 27, "acc": 0.6846153736114502, "best_acc": 0.7923076748847961, "loss": 0.9919848422889138, "epoch_time": 1383.4396109580994}, "38": {"global_step": 21698, "best_epoch": 27, "acc": 0.7307692170143127, "best_acc": 0.7923076748847961, "loss": 0.9701077332011517, "epoch_time": 1363.412225484848}, "39": {"global_step": 22269, "best_epoch": 27, "acc": 0.7153846025466919, "best_acc": 0.7923076748847961, "loss": 0.9497872971583287, "epoch_time": 1367.6987602710724}, "40": {"global_step": 22840, "best_epoch": 27, "acc": 0.7538461685180664, "best_acc": 0.7923076748847961, "loss": 0.9304998203301019, "epoch_time": 1369.3246817588806}, "41": {"global_step": 23411, "best_epoch": 27, "acc": 0.7076923251152039, "best_acc": 0.7923076748847961, "loss": 0.9116440270062488, "epoch_time": 1372.313978433609}, "42": {"global_step": 23982, "best_epoch": 27, "acc": 0.7769230604171753, "best_acc": 0.7923076748847961, "loss": 0.8932632147770625, "epoch_time": 1376.6609444618225}, "43": {"global_step": 24553, "best_epoch": 27, "acc": 0.7461538314819336, "best_acc": 0.7923076748847961, "loss": 0.8760107243301973, "epoch_time": 1374.4831500053406}, "44": {"global_step": 25124, "best_epoch": 27, "acc": 0.7076923251152039, "best_acc": 0.7923076748847961, "loss": 0.8600999581638076, "epoch_time": 1376.3616359233856}, "45": {"global_step": 25695, "best_epoch": 27, "acc": 0.7692307829856873, "best_acc": 0.7923076748847961, "loss": 0.8442102664076176, "epoch_time": 1373.584861755371}, "46": {"global_step": 26266, "best_epoch": 27, "acc": 0.7076923251152039, "best_acc": 0.7923076748847961, "loss": 0.8290725219075995, "epoch_time": 1378.2985301017761}, "47": {"global_step": 26837, "best_epoch": 27, "acc": 0.6692307591438293, "best_acc": 0.7923076748847961, "loss": 0.8145697767601092, "epoch_time": 1374.841120004654}, "48": {"global_step": 27408, "best_epoch": 27, "acc": 0.7461538314819336, "best_acc": 0.7923076748847961, "loss": 0.8003045570867604,