{"1": {"global_step": 571, "best_epoch": 1, "acc": 0.3692307770252228, "best_acc": 0.3692307770252228, "loss": 14.064332452630412, "epoch_time": 2263.5390474796295}, "2": {"global_step": 1142, "best_epoch": 2, "acc": 0.4384615421295166, "best_acc": 0.4384615421295166, "loss": 13.084224748945486, "epoch_time": 2281.147770881653}}