{"1": {"global_step": 571, "best_epoch": 1, "acc": 0.5384615659713745, "best_acc": 0.5384615659713745, "loss": 4.179942184488326, "epoch_time": 1139.3562264442444}, "2": {"global_step": 1142, "best_epoch": 2, "acc": 0.6230769157409668, "best_acc": 0.6230769157409668, "loss": 3.488479019255229, "epoch_time": 1141.2187719345093}, "3": {"global_step": 1713, "best_epoch": 3, "acc": 0.6692307591438293, "best_acc": 0.6692307591438293, "loss": 2.9946815749740154, "epoch_time": 1142.5061140060425}, "4": {"global_step": 2284, "best_epoch": 4, "acc": 0.6769230961799622, "best_acc": 0.6769230961799622, "loss": 2.6365518642233883, "epoch_time": 1140.2321269512177}, "5": {"global_step": 2855, "best_epoch": 5, "acc": 0.7538461685180664, "best_acc": 0.7538461685180664, "loss": 2.354490803461359, "epoch_time": 1140.9094552993774}, "6": {"global_step": 3426, "best_epoch": 6, "acc": 0.7769230604171753, "best_acc": 0.7769230604171753, "loss": 2.1317302953654123, "epoch_time": 1142.2782771587372}, "7": {"global_step": 3997, "best_epoch": 6, "acc": 0.7461538314819336, "best_acc": 0.7769230604171753, "loss": 1.9486593186691281, "epoch_time": 1142.6201977729797}, "8": {"global_step": 4568, "best_epoch": 8, "acc": 0.8461538553237915, "best_acc": 0.8461538553237915, "loss": 1.7987480813575396, "epoch_time": 1139.3047561645508}, "9": {"global_step": 5139, "best_epoch": 8, "acc": 0.807692289352417, "best_acc": 0.8461538553237915, "loss": 1.6685575438736941, "epoch_time": 1135.0077908039093}, "10": {"global_step": 5710, "best_epoch": 8, "acc": 0.7769230604171753, "best_acc": 0.8461538553237915, "loss": 1.5563456206548234, "epoch_time": 1137.3861591815948}, "11": {"global_step": 6281, "best_epoch": 8, "acc": 0.800000011920929, "best_acc": 0.8461538553237915, "loss": 1.4602279739454092, "epoch_time": 1138.5657708644867}, "12": {"global_step": 6852, "best_epoch": 8, "acc": 0.8384615182876587, "best_acc": 0.8461538553237915, "loss": 1.3745685133189225, "epoch_time": 1137.4822001457214}, "13": {"global_step": 7423, "best_epoch": 8, "acc": 0.800000011920929, "best_acc": 0.8461538553237915, "loss": 1.299852241331012, "epoch_time": 1138.6438455581665}, "14": {"global_step": 7994, "best_epoch": 14, "acc": 0.8846153616905212, "best_acc": 0.8846153616905212, "loss": 1.231655756088497, "epoch_time": 1137.1237087249756}, "15": {"global_step": 8565, "best_epoch": 14, "acc": 0.8230769038200378, "best_acc": 0.8846153616905212, "loss": 1.1711853007840887, "epoch_time": 1137.7925140857697}, "16": {"global_step": 9136, "best_epoch": 14, "acc": 0.8153846263885498, "best_acc": 0.8846153616905212, "loss": 1.1164099569204091, "epoch_time": 1138.5400834083557}, "17": {"global_step": 9707, "best_epoch": 14, "acc": 0.8153846263885498, "best_acc": 0.8846153616905212, "loss": 1.0654857427966333, "epoch_time": 1139.5571737289429}, "18": {"global_step": 10278, "best_epoch": 14, "acc": 0.8384615182876587, "best_acc": 0.8846153616905212, "loss": 1.0198908809524978, "epoch_time": 1136.5864596366882}, "19": {"global_step": 10849, "best_epoch": 14, "acc": 0.807692289352417, "best_acc": 0.8846153616905212, "loss": 0.9783788321900133, "epoch_time": 1137.4527037143707}, "20": {"global_step": 11420, "best_epoch": 14, "acc": 0.807692289352417, "best_acc": 0.8846153616905212, "loss": 0.9397634691544099, "epoch_time": 1141.115250825882}, "21": {"global_step": 11991, "best_epoch": 14, "acc": 0.8307692408561707, "best_acc": 0.8846153616905212, "loss": 0.9045439373806508, "epoch_time": 1134.8351032733917}, "22": {"global_step": 12562, "best_epoch": 14, "acc": 0.800000011920929, "best_acc": 0.8846153616905212, "loss": 0.8721304166632933, "epoch_time": 1137.783888578415}, "23": {"global_step": 13133, "best_epoch": 14, "acc": 0.807692289352417, "best_acc": 0.8846153616905212, "loss": 0.8425462386373516, "epoch_time": 1136.957015991211}, "24": {"global_step": 13704, "best_epoch": 14, "acc": 0.8307692408561707, "best_acc": 0.8846153616905212, "loss": 0.8149375704312029, "epoch_time": 1142.0782186985016}, "25": {"global_step": 14275, "best_epoch": 14, "acc": 0.8230769038200378, "best_acc": 0.8846153616905212, "loss": 0.7886056324598198, "epoch_time": 1142.1934309005737}, "26": {"global_step": 14846, "best_epoch": 26, "acc": 0.892307698726654, "best_acc": 0.892307698726654, "loss": 0.7644529485183995, "epoch_time": 1140.0398879051208}, "27": {"global_step": 15417, "best_epoch": 26, "acc": 0.8384615182876587, "best_acc": 0.892307698726654, "loss": 0.7413255536416264, "epoch_time": 1138.910915851593}, "28": {"global_step": 15988, "best_epoch": 26, "acc": 0.8615384697914124, "best_acc": 0.892307698726654, "loss": 0.720378173691411, "epoch_time": 1139.574410200119}, "29": {"global_step": 16559, "best_epoch": 26, "acc": 0.892307698726654, "best_acc": 0.892307698726654, "loss": 0.7001788322200483, "epoch_time": 1139.6962282657623}, "30": {"global_step": 17130, "best_epoch": 26, "acc": 0.800000011920929, "best_acc": 0.892307698726654, "loss": 0.681508458140472, "epoch_time": 1138.9176490306854}, "31": {"global_step": 17701, "best_epoch": 26, "acc": 0.800000011920929, "best_acc": 0.892307698726654, "loss": 0.6636277734391481, "epoch_time": 1135.4906914234161}, "32": {"global_step": 18272, "best_epoch": 26, "acc": 0.8230769038200378, "best_acc": 0.892307698726654, "loss": 0.6473365541685258, "epoch_time": 1135.5774002075195}, "33": {"global_step": 18843, "best_epoch": 26, "acc": 0.8538461327552795, "best_acc": 0.892307698726654, "loss": 0.631111084016494, "epoch_time": 1134.0682730674744}, "34": {"global_step": 19414, "best_epoch": 26, "acc": 0.8230769038200378, "best_acc": 0.892307698726654, "loss": 0.6160588254815105, "epoch_time": 1139.9519760608673}, "35": {"global_step": 19985, "best_epoch": 26, "acc": 0.8307692408561707, "best_acc": 0.892307698726654, "loss": 0.6015095327256169, "epoch_time": 1137.9080576896667}, "36": {"global_step": 20556, "best_epoch": 26, "acc": 0.8307692408561707, "best_acc": 0.892307698726654, "loss": 0.588180121910908, "epoch_time": 1137.512767314911}, "37": {"global_step": 21127, "best_epoch": 26, "acc": 0.8615384697914124, "best_acc": 0.892307698726654, "loss": 0.5753561046002529, "epoch_time": 1136.6814377307892}, "38": {"global_step": 21698, "best_epoch": 26, "acc": 0.8461538553237915, "best_acc": 0.892307698726654, "loss": 0.563270433504377, "epoch_time": 1137.0230357646942}, "39": {"global_step": 22269, "best_epoch": 26, "acc": 0.8538461327552795, "best_acc": 0.892307698726654, "loss": 0.5518392862405923, "epoch_time": 1139.0689709186554}, "40": {"global_step": 22840, "best_epoch": 26, "acc": 0.8153846263885498, "best_acc": 0.892307698726654, "loss": 0.5407972675863362, "epoch_time": 1134.0586109161377}, "41": {"global_step": 23411, "best_epoch": 26, "acc": 0.800000011920929, "best_acc": 0.892307698726654, "loss": 0.5298867230356893, "epoch_time": 1140.956553697586}, "42": {"global_step": 23982, "best_epoch": 42, "acc": 0.9076923131942749, "best_acc": 0.9076923131942749, "loss": 0.519640477770645, "epoch_time": 1134.072161912918}, "43": {"global_step": 24553, "best_epoch": 42, "acc": 0.8230769038200378, "best_acc": 0.9076923131942749, "loss": 0.5095857627620634, "epoch_time": 1135.69260263443}, "44": {"global_step": 25124, "best_epoch": 42, "acc": 0.8307692408561707, "best_acc": 0.9076923131942749, "loss": 0.500153591594514, "epoch_time": 1135.7243056297302}, "45": {"global_step": 25695, "best_epoch": 42, "acc": 0.8769230842590332, "best_acc": 0.9076923131942749, "loss": 0.49146939819660723, "epoch_time": 1137.633982181549}, "46": {"global_step": 26266, "best_epoch": 42, "acc": 0.8461538553237915, "best_acc": 0.9076923131942749, "loss": 0.10425300673286442, "epoch_time": 1146.500334262848}, "47": {"global_step": 26837, "best_epoch": 42, "acc": 0.8307692408561707, "best_acc": 0.9076923131942749, "loss": 0.09184710567061921, "epoch_time": 1147.9774911403656}, "48": {"global_step": 27408, "best_epoch": 42, "acc": 0.8307692408561707, "best_acc": 0.9076923131942749, "loss": 0.08948953208617945,