{"1": {"global_step": 571, "best_epoch": 1, "acc": 0.48461538553237915, "best_acc": 0.48461538553237915, "loss": 5.605193293867094, "epoch_time": 1329.0977070331573}, "2": {"global_step": 1142, "best_epoch": 2, "acc": 0.5461538434028625, "best_acc": 0.5461538434028625, "loss": 4.392097179923082, "epoch_time": 1331.8537878990173}, "3": {"global_step": 1713, "best_epoch": 3, "acc": 0.6461538672447205, "best_acc": 0.6461538672447205, "loss": 3.5869260684342947, "epoch_time": 1331.7466616630554}, "4": {"global_step": 2284, "best_epoch": 4, "acc": 0.7538461685180664, "best_acc": 0.7538461685180664, "loss": 3.002666255455927, "epoch_time": 1329.6853976249695}, "5": {"global_step": 2855, "best_epoch": 4, "acc": 0.6461538672447205, "best_acc": 0.7538461685180664, "loss": 2.5771309017404365, "epoch_time": 1333.2533750534058}, "6": {"global_step": 3426, "best_epoch": 6, "acc": 0.7769230604171753, "best_acc": 0.7769230604171753, "loss": 2.2598396916871035, "epoch_time": 1330.6953740119934}, "7": {"global_step": 3997, "best_epoch": 6, "acc": 0.7461538314819336, "best_acc": 0.7769230604171753, "loss": 2.015795837570525, "epoch_time": 1330.317146539688}, "8": {"global_step": 4568, "best_epoch": 6, "acc": 0.7153846025466919, "best_acc": 0.7769230604171753, "loss": 1.823461143117261, "epoch_time": 1331.2770283222198}, "9": {"global_step": 5139, "best_epoch": 6, "acc": 0.692307710647583, "best_acc": 0.7769230604171753, "loss": 1.6678432321201666, "epoch_time": 1329.9908106327057}, "10": {"global_step": 5710, "best_epoch": 10, "acc": 0.7923076748847961, "best_acc": 0.7923076748847961, "loss": 1.5389486088657234, "epoch_time": 1329.0814228057861}, "11": {"global_step": 6281, "best_epoch": 11, "acc": 0.8230769038200378, "best_acc": 0.8230769038200378, "loss": 1.4304416770341764, "epoch_time": 1328.2640056610107}, "12": {"global_step": 6852, "best_epoch": 11, "acc": 0.7692307829856873, "best_acc": 0.8230769038200378, "loss": 1.3373790834478543, "epoch_time": 1330.8764066696167}, "13": {"global_step": 7423, "best_epoch": 11, "acc": 0.7769230604171753, "best_acc": 0.8230769038200378, "loss": 1.2576062073076686, "epoch_time": 1331.2725558280945}, "14": {"global_step": 7994, "best_epoch": 14, "acc": 0.8307692408561707, "best_acc": 0.8307692408561707, "loss": 1.187411347429287, "epoch_time": 1330.5835511684418}, "15": {"global_step": 8565, "best_epoch": 14, "acc": 0.7461538314819336, "best_acc": 0.8307692408561707, "loss": 1.1258216780807737, "epoch_time": 1328.925430059433}, "16": {"global_step": 9136, "best_epoch": 14, "acc": 0.7153846025466919, "best_acc": 0.8307692408561707, "loss": 1.071044767091961, "epoch_time": 1332.4389696121216}, "17": {"global_step": 9707, "best_epoch": 14, "acc": 0.7461538314819336, "best_acc": 0.8307692408561707, "loss": 1.0216801402787368, "epoch_time": 1331.341204404831}, "18": {"global_step": 10278, "best_epoch": 14, "acc": 0.7230769395828247, "best_acc": 0.8307692408561707, "loss": 0.977796056537285, "epoch_time": 1330.6742227077484}, "19": {"global_step": 10849, "best_epoch": 14, "acc": 0.7615384459495544, "best_acc": 0.8307692408561707, "loss": 0.9364378724019902, "epoch_time": 1326.8057355880737}, "20": {"global_step": 11420, "best_epoch": 14, "acc": 0.7846153974533081, "best_acc": 0.8307692408561707, "loss": 0.9001645301253374, "epoch_time": 1332.5284688472748}, "21": {"global_step": 11991, "best_epoch": 14, "acc": 0.6846153736114502, "best_acc": 0.8307692408561707, "loss": 0.8658986917582954, "epoch_time": 1332.295397758484}, "22": {"global_step": 12562, "best_epoch": 14, "acc": 0.7692307829856873, "best_acc": 0.8307692408561707, "loss": 0.8346049456954711, "epoch_time": 1329.0967094898224}, "23": {"global_step": 13133, "best_epoch": 14, "acc": 0.692307710647583, "best_acc": 0.8307692408561707, "loss": 0.80531757324778, "epoch_time": 1331.405452489853}, "24": {"global_step": 13704, "best_epoch": 14, "acc": 0.7384615540504456, "best_acc": 0.8307692408561707, "loss": 0.778880882429529, "epoch_time": 1330.4966666698456}, "25": {"global_step": 14275, "best_epoch": 25, "acc": 0.8538461327552795, "best_acc": 0.8538461327552795, "loss": 0.7546623909653812, "epoch_time": 1328.5515575408936}, "26": {"global_step": 14846, "best_epoch": 25, "acc": 0.7153846025466919, "best_acc": 0.8538461327552795, "loss": 0.7313560113305105, "epoch_time": 1332.9957203865051}, "27": {"global_step": 15417, "best_epoch": 25, "acc": 0.800000011920929, "best_acc": 0.8538461327552795, "loss": 0.7106050085227132, "epoch_time": 1347.5175609588623}, "28": {"global_step": 15988, "best_epoch": 25, "acc": 0.7230769395828247, "best_acc": 0.8538461327552795, "loss": 0.6900450384559987, "epoch_time": 1386.946424484253}, "29": {"global_step": 16559, "best_epoch": 25, "acc": 0.699999988079071, "best_acc": 0.8538461327552795, "loss": 0.6712566703840082, "epoch_time": 1379.5480313301086}, "30": {"global_step": 17130, "best_epoch": 25, "acc": 0.7846153974533081, "best_acc": 0.8538461327552795, "loss": 0.65347756504919, "epoch_time": 1380.5684368610382}, "31": {"global_step": 17701, "best_epoch": 25, "acc": 0.7461538314819336, "best_acc": 0.8538461327552795, "loss": 0.6368318997054077, "epoch_time": 1381.238558769226}, "32": {"global_step": 18272, "best_epoch": 25, "acc": 0.7538461685180664, "best_acc": 0.8538461327552795, "loss": 0.621019310919022, "epoch_time": 1383.0140957832336}, "33": {"global_step": 18843, "best_epoch": 25, "acc": 0.7692307829856873, "best_acc": 0.8538461327552795, "loss": 0.6063552983560762, "epoch_time": 1364.244793176651}, "34": {"global_step": 19414, "best_epoch": 25, "acc": 0.7769230604171753, "best_acc": 0.8538461327552795, "loss": 0.1237319430112904, "epoch_time": 1395.4999396800995}, "35": {"global_step": 19985, "best_epoch": 25, "acc": 0.7769230604171753, "best_acc": 0.8538461327552795, "loss": 0.12859201068694714, "epoch_time": 1346.4101722240448}, "36": {"global_step": 20556, "best_epoch": 25, "acc": 0.7307692170143127, "best_acc": 0.8538461327552795, "loss": 0.12361745493621357, "epoch_time": 1340.731026172638}, "37": {"global_step": 21127, "best_epoch": 25, "acc": 0.7923076748847961, "best_acc": 0.8538461327552795, "loss": 0.12348465661258533, "epoch_time": 1348.887020111084}, "38": {"global_step": 21698, "best_epoch": 25, "acc": 0.7769230604171753, "best_acc": 0.8538461327552795, "loss": 0.1242440934740692, "epoch_time": 1348.1119456291199}, "39": {"global_step": 22269, "best_epoch": 25, "acc": 0.7461538314819336, "best_acc": 0.8538461327552795, "loss": 0.12400558317628985, "epoch_time": 1352.5820927619934}, "40": {"global_step": 22840, "best_epoch": 25, "acc": 0.7615384459495544, "best_acc": 0.8538461327552795, "loss": 0.12181028782008861, "epoch_time": 1351.852608680725}, "41": {"global_step": 23411, "best_epoch": 25, "acc": 0.7307692170143127, "best_acc": 0.8538461327552795, "loss": 0.11887863440814855, "epoch_time": 1352.957053899765}, "42": {"global_step": 23982, "best_epoch": 25, "acc": 0.7384615540504456, "best_acc": 0.8538461327552795, "loss": 0.11824798602598593, "epoch_time": 1345.871927022934}, "43": {"global_step": 24553, "best_epoch": 25, "acc": 0.7692307829856873, "best_acc": 0.8538461327552795, "loss": 0.11814367757474468, "epoch_time": 1352.506766319275}, "44": {"global_step": 25124, "best_epoch": 25, "acc": 0.7846153974533081, "best_acc": 0.8538461327552795, "loss": 0.116817351824198, "epoch_time": 1360.6362926959991}, "45": {"global_step": 25695, "best_epoch": 25, "acc": 0.7923076748847961, "best_acc": 0.8538461327552795, "loss": 0.11592540090221118, "epoch_time": 1352.128509759903}, "46": {"global_step": 26266, "best_epoch": 25, "acc": 0.7846153974533081, "best_acc": 0.8538461327552795, "loss": 0.1146058354781106, "epoch_time": 1343.2974541187286}, "47": {"global_step": 26837, "best_epoch": 25, "acc": 0.7384615540504456, "best_acc": 0.8538461327552795, "loss": 0.11348214621304911, "epoch_time": 1360.4405446052551}, "48": {"global_step": 27408, "best_epoch": 25, "acc": 0.7307692170143127, "best_acc": 0.8538461327552795,