{"1": {"global_step": 571, "best_epoch": 1, "acc": 0.4692307710647583, "best_acc": 0.4692307710647583, "loss": 3.4041443443131323, "epoch_time": 1140.3719758987427}, "2": {"global_step": 1142, "best_epoch": 2, "acc": 0.5076923370361328, "best_acc": 0.5076923370361328, "loss": 2.7555313213694115, "epoch_time": 1139.5940763950348}, "3": {"global_step": 1713, "best_epoch": 3, "acc": 0.5846154093742371, "best_acc": 0.5846154093742371, "loss": 2.3119309762034996, "epoch_time": 1143.4631197452545}, "4": {"global_step": 2284, "best_epoch": 4, "acc": 0.6692307591438293, "best_acc": 0.6692307591438293, "loss": 1.9884290643127704, "epoch_time": 1136.0909626483917}, "5": {"global_step": 2855, "best_epoch": 5, "acc": 0.7615384459495544, "best_acc": 0.7615384459495544, "loss": 1.742254077897598, "epoch_time": 1136.9751963615417}, "6": {"global_step": 3426, "best_epoch": 5, "acc": 0.7615384459495544, "best_acc": 0.7615384459495544, "loss": 1.5509272632686562, "epoch_time": 1138.7574377059937}, "7": {"global_step": 3997, "best_epoch": 5, "acc": 0.7461538314819336, "best_acc": 0.7615384459495544, "loss": 1.398665034639737, "epoch_time": 1137.5445156097412}, "8": {"global_step": 4568, "best_epoch": 5, "acc": 0.692307710647583, "best_acc": 0.7615384459495544, "loss": 1.275159140533381, "epoch_time": 1136.8737196922302}, "9": {"global_step": 5139, "best_epoch": 5, "acc": 0.7230769395828247, "best_acc": 0.7615384459495544, "loss": 1.1734122340622684, "epoch_time": 1138.2325553894043}, "10": {"global_step": 5710, "best_epoch": 5, "acc": 0.7538461685180664, "best_acc": 0.7615384459495544, "loss": 1.087813814431951, "epoch_time": 1138.7348856925964}, "11": {"global_step": 6281, "best_epoch": 11, "acc": 0.7846153974533081, "best_acc": 0.7846153974533081, "loss": 1.015467564838861, "epoch_time": 1139.0616369247437}, "12": {"global_step": 6852, "best_epoch": 11, "acc": 0.7692307829856873, "best_acc": 0.7846153974533081, "loss": 0.9524844779877097, "epoch_time": 1133.7991709709167}, "13": {"global_step": 7423, "best_epoch": 11, "acc": 0.7692307829856873, "best_acc": 0.7846153974533081, "loss": 0.8976749744385212, "epoch_time": 1136.7845442295074}, "14": {"global_step": 7994, "best_epoch": 11, "acc": 0.7538461685180664, "best_acc": 0.7846153974533081, "loss": 0.8499954920728109, "epoch_time": 1136.3397002220154}, "15": {"global_step": 8565, "best_epoch": 11, "acc": 0.699999988079071, "best_acc": 0.7846153974533081, "loss": 0.808060719847888, "epoch_time": 1136.7809324264526}, "16": {"global_step": 9136, "best_epoch": 11, "acc": 0.7461538314819336, "best_acc": 0.7846153974533081, "loss": 0.7700362387967529, "epoch_time": 1137.702360868454}, "17": {"global_step": 9707, "best_epoch": 11, "acc": 0.6769230961799622, "best_acc": 0.7846153974533081, "loss": 0.736528404880604, "epoch_time": 1137.6947555541992}, "18": {"global_step": 10278, "best_epoch": 11, "acc": 0.6307692527770996, "best_acc": 0.7846153974533081, "loss": 0.7054629913368321, "epoch_time": 1137.256843328476}, "19": {"global_step": 10849, "best_epoch": 11, "acc": 0.7846153974533081, "best_acc": 0.7846153974533081, "loss": 0.6772668952241139, "epoch_time": 1136.1910967826843}, "20": {"global_step": 11420, "best_epoch": 11, "acc": 0.7615384459495544, "best_acc": 0.7846153974533081, "loss": 0.6517829041423246, "epoch_time": 1135.9533488750458}, "21": {"global_step": 11991, "best_epoch": 11, "acc": 0.7384615540504456, "best_acc": 0.7846153974533081, "loss": 0.6280563971147808, "epoch_time": 1137.271691083908}, "22": {"global_step": 12562, "best_epoch": 11, "acc": 0.7769230604171753, "best_acc": 0.7846153974533081, "loss": 0.1534233411591363, "epoch_time": 1138.1018888950348}, "23": {"global_step": 13133, "best_epoch": 11, "acc": 0.7230769395828247, "best_acc": 0.7846153974533081, "loss": 0.1516024933927309, "epoch_time": 1130.8297822475433}, "24": {"global_step": 13704, "best_epoch": 11, "acc": 0.692307710647583, "best_acc": 0.7846153974533081, "loss": 0.1445398515652239, "epoch_time": 1132.5069279670715}, "25": {"global_step": 14275, "best_epoch": 11, "acc": 0.692307710647583, "best_acc": 0.7846153974533081, "loss": 0.12939699864970772, "epoch_time": 1158.986848115921}, "26": {"global_step": 14846, "best_epoch": 11, "acc": 0.7384615540504456, "best_acc": 0.7846153974533081, "loss": 0.12928725954270784, "epoch_time": 1163.544504404068}, "27": {"global_step": 15417, "best_epoch": 11, "acc": 0.7230769395828247, "best_acc": 0.7846153974533081, "loss": 0.128530225028777, "epoch_time": 1166.2233381271362}, "28": {"global_step": 15988, "best_epoch": 28, "acc": 0.7923076748847961, "best_acc": 0.7923076748847961, "loss": 0.12669227013222534, "epoch_time": 1176.2665259838104}, "29": {"global_step": 16559, "best_epoch": 28, "acc": 0.7692307829856873, "best_acc": 0.7923076748847961, "loss": 0.12531503685415704, "epoch_time": 1178.4688503742218}, "30": {"global_step": 17130, "best_epoch": 28, "acc": 0.7923076748847961, "best_acc": 0.7923076748847961, "loss": 0.12304112458858754, "epoch_time": 1170.9256114959717}, "31": {"global_step": 17701, "best_epoch": 31, "acc": 0.800000011920929, "best_acc": 0.800000011920929, "loss": 0.1192027453054931, "epoch_time": 1173.9922096729279}, "32": {"global_step": 18272, "best_epoch": 31, "acc": 0.7153846025466919, "best_acc": 0.800000011920929, "loss": 0.11880021341927528, "epoch_time": 1170.0783553123474}, "33": {"global_step": 18843, "best_epoch": 31, "acc": 0.6846153736114502, "best_acc": 0.800000011920929, "loss": 0.11813964137168122, "epoch_time": 1174.4425506591797}, "34": {"global_step": 19414, "best_epoch": 31, "acc": 0.7538461685180664, "best_acc": 0.800000011920929, "loss": 0.11678822929913833, "epoch_time": 1141.2637979984283}, "35": {"global_step": 19985, "best_epoch": 35, "acc": 0.8230769038200378, "best_acc": 0.8230769038200378, "loss": 0.11485512901530207, "epoch_time": 1137.4598789215088}, "36": {"global_step": 20556, "best_epoch": 35, "acc": 0.7846153974533081, "best_acc": 0.8230769038200378, "loss": 0.11349452425712438, "epoch_time": 1134.1174745559692}, "37": {"global_step": 21127, "best_epoch": 37, "acc": 0.8461538553237915, "best_acc": 0.8461538553237915, "loss": 0.11240649704853903, "epoch_time": 1136.2926442623138}, "38": {"global_step": 21698, "best_epoch": 37, "acc": 0.8230769038200378, "best_acc": 0.8461538553237915, "loss": 0.1112003126351756, "epoch_time": 1134.7781615257263}, "39": {"global_step": 22269, "best_epoch": 37, "acc": 0.807692289352417, "best_acc": 0.8461538553237915, "loss": 0.10987502627237279, "epoch_time": 1138.716861486435}, "40": {"global_step": 22840, "best_epoch": 37, "acc": 0.7153846025466919, "best_acc": 0.8461538553237915, "loss": 0.10855846305449852, "epoch_time": 1131.1241383552551}, "41": {"global_step": 23411, "best_epoch": 37, "acc": 0.7384615540504456, "best_acc": 0.8461538553237915, "loss": 0.10768285849167815, "epoch_time": 1132.617269039154}, "42": {"global_step": 23982, "best_epoch": 37, "acc": 0.7307692170143127, "best_acc": 0.8461538553237915, "loss": 0.10679569353042011, "epoch_time": 1133.1207644939423}, "43": {"global_step": 24553, "best_epoch": 37, "acc": 0.8384615182876587, "best_acc": 0.8461538553237915, "loss": 0.1050911792304155, "epoch_time": 1135.2174677848816}, "44": {"global_step": 25124, "best_epoch": 37, "acc": 0.7615384459495544, "best_acc": 0.8461538553237915, "loss": 0.10399759040504038, "epoch_time": 1139.452311038971}, "45": {"global_step": 25695, "best_epoch": 37, "acc": 0.7846153974533081, "best_acc": 0.8461538553237915, "loss": 0.10269199788171032, "epoch_time": 1133.5879516601562}, "46": {"global_step": 26266, "best_epoch": 37, "acc": 0.7692307829856873, "best_acc": 0.8461538553237915, "loss": 0.10203256226127161, "epoch_time": 1133.4632918834686}, "47": {"global_step": 26837, "best_epoch": 37, "acc": 0.7461538314819336, "best_acc": 0.8461538553237915, "loss": 0.10102354634542664, "epoch_time": 1139.6443910598755}, "48": {"global_step": 27408, "best_epoch": 37, "acc": 0.7615384459495544,