{"1": {"global_step": 1523, "best_epoch": 1, "acc": 0.5923076868057251, "best_acc": 0.5923076868057251, "loss": 1.7580255695049378, "epoch_time": 2121.6652472019196}, "2": {"global_step": 3046, "best_epoch": 2, "acc": 0.7076923251152039, "best_acc": 0.7076923251152039, "loss": 0.7770599185832172, "epoch_time": 2205.1086418628693}, "3": {"global_step": 4569, "best_epoch": 3, "acc": 0.7923076748847961, "best_acc": 0.7923076748847961, "loss": 0.6401513069824136, "epoch_time": 2205.599225759506}, "4": {"global_step": 6092, "best_epoch": 4, "acc": 0.8153846263885498, "best_acc": 0.8153846263885498, "loss": 0.5502034734494438, "epoch_time": 2202.8149247169495}, "5": {"global_step": 7615, "best_epoch": 4, "acc": 0.8153846263885498, "best_acc": 0.8153846263885498, "loss": 0.2878407322645639, "epoch_time": 2174.8410954475403}, "6": {"global_step": 9138, "best_epoch": 4, "acc": 0.807692289352417, "best_acc": 0.8153846263885498, "loss": 0.2752668305961519, "epoch_time": 2162.1388640403748}, "7": {"global_step": 10661, "best_epoch": 4, "acc": 0.807692289352417, "best_acc": 0.8153846263885498, "loss": 0.2565785893547477, "epoch_time": 2186.628577232361}, "8": {"global_step": 12184, "best_epoch": 8, "acc": 0.8692307472229004, "best_acc": 0.8692307472229004, "loss": 0.24503445848778116, "epoch_time": 2182.1939294338226}, "9": {"global_step": 13707, "best_epoch": 9, "acc": 0.8769230842590332, "best_acc": 0.8769230842590332, "loss": 0.23280869809923335, "epoch_time": 2189.263076543808}, "10": {"global_step": 15230, "best_epoch": 9, "acc": 0.8230769038200378, "best_acc": 0.8769230842590332, "loss": 0.2200372452825135, "epoch_time": 2189.1033930778503}, "11": {"global_step": 16753, "best_epoch": 9, "acc": 0.7538461685180664, "best_acc": 0.8769230842590332, "loss": 0.2097994857471164, "epoch_time": 2132.1719074249268}, "12": {"global_step": 18276, "best_epoch": 9, "acc": 0.8307692408561707, "best_acc": 0.8769230842590332, "loss": 0.20057980201229586, "epoch_time": 2159.6784965991974}, "13": {"global_step": 19799, "best_epoch": 9, "acc": 0.8615384697914124, "best_acc": 0.8769230842590332, "loss": 0.19390670131153837, "epoch_time": 2172.3097262382507}, "14": {"global_step": 21322, "best_epoch": 9, "acc": 0.8307692408561707, "best_acc": 0.8769230842590332, "loss": 0.11464464517998214, "epoch_time": 2149.1725738048553}, "15": {"global_step": 22845, "best_epoch": 9, "acc": 0.8307692408561707, "best_acc": 0.8769230842590332, "loss": 0.11413635812039473, "epoch_time": 2152.931191921234}, "16": {"global_step": 24368, "best_epoch": 9, "acc": 0.8307692408561707, "best_acc": 0.8769230842590332, "loss": 0.11753698120581335, "epoch_time": 2153.7545714378357}, "17": {"global_step": 25891, "best_epoch": 9, "acc": 0.8307692408561707, "best_acc": 0.8769230842590332, "loss": 0.12150042959599874, "epoch_time": 2151.6092019081116}, "18": {"global_step": 27414, "best_epoch": 9, "acc": 0.8615384697914124, "best_acc": 0.8769230842590332, "loss": 0.11759741089886559, "epoch_time": 2138.3415052890778}, "19": {"global_step": 28937, "best_epoch": 9, "acc": 0.8692307472229004, "best_acc": 0.8769230842590332, "loss": 0.112588836856914, "epoch_time": 2144.124564886093}, "20": {"global_step": 30460, "best_epoch": 9, "acc": 0.8461538553237915, "best_acc": 0.8769230842590332, "loss": 0.11057934635590029, "epoch_time": 2151.084904909134}, "21": {"global_step": 31983, "best_epoch": 9, "acc": 0.8692307472229004, "best_acc": 0.8769230842590332, "loss": 0.10884051746934292, "epoch_time": 2148.2392835617065}, "22": {"global_step": 33506, "best_epoch": 9, "acc": 0.8692307472229004, "best_acc": 0.8769230842590332, "loss": 0.10760623369315403, "epoch_time": 2149.034018754959}, "23": {"global_step": 35029, "best_epoch": 9, "acc": 0.8615384697914124, "best_acc": 0.8769230842590332, "loss": 0.1058184061348416, "epoch_time": 2149.4338603019714}, "24": {"global_step": 36552, "best_epoch": 9, "acc": 0.8461538553237915, "best_acc": 0.8769230842590332, "loss": 0.10361994039028681, "epoch_time": 2147.5951097011566}, "25": {"global_step": 38075, "best_epoch": 9, "acc": 0.8769230842590332, "best_acc": 0.8769230842590332, "loss": 0.10158727466550922, "epoch_time": 2147.944414615631}, "26": {"global_step": 39598, "best_epoch": 9, "acc": 0.8538461327552795, "best_acc": 0.8769230842590332, "loss": 0.09970008889611745, "epoch_time": 2148.8302431106567}, "27": {"global_step": 41121, "best_epoch": 9, "acc": 0.8461538553237915, "best_acc": 0.8769230842590332, "loss": 0.09810969726520234, "epoch_time": 2141.7986080646515}, "28": {"global_step": 42644, "best_epoch": 9, "acc": 0.8307692408561707, "best_acc": 0.8769230842590332, "loss": 0.09694411634058858, "epoch_time": 2148.5927612781525}, "29": {"global_step": 44167, "best_epoch": 9, "acc": 0.8461538553237915, "best_acc": 0.8769230842590332, "loss": 0.0951926530300095, "epoch_time": 2151.2424080371857}, "30": {"global_step": 45690, "best_epoch": 9, "acc": 0.8769230842590332, "best_acc": 0.8769230842590332, "loss": 0.09415360410988032, "epoch_time": 2148.119976043701}, "31": {"global_step": 47213, "best_epoch": 9, "acc": 0.8615384697914124, "best_acc": 0.8769230842590332, "loss": 0.09248100656527351, "epoch_time": 2148.600456237793}, "32": {"global_step": 48736, "best_epoch": 9, "acc": 0.8692307472229004, "best_acc": 0.8769230842590332, "loss": 0.09125422556243856, "epoch_time": 2138.5186750888824}, "33": {"global_step": 50259, "best_epoch": 9, "acc": 0.8615384697914124, "best_acc": 0.8769230842590332, "loss": 0.0901040833198169, "epoch_time": 2141.6748666763306}, "34": {"global_step": 51782, "best_epoch": 9, "acc": 0.8692307472229004, "best_acc": 0.8769230842590332, "loss": 0.08851394645185742, "epoch_time": 2140.0483832359314}, "35": {"global_step": 53305, "best_epoch": 9, "acc": 0.8692307472229004, "best_acc": 0.8769230842590332, "loss": 0.08759693997265929, "epoch_time": 2136.9110729694366}, "36": {"global_step": 54828, "best_epoch": 36, "acc": 0.8846153616905212, "best_acc": 0.8846153616905212, "loss": 0.05921541629770234, "epoch_time": 2170.4663796424866}, "37": {"global_step": 56351, "best_epoch": 36, "acc": 0.8461538553237915, "best_acc": 0.8846153616905212, "loss": 0.058969732621736985, "epoch_time": 2190.4128963947296}, "38": {"global_step": 57874, "best_epoch": 36, "acc": 0.8384615182876587, "best_acc": 0.8846153616905212, "loss": 0.056647542581382125, "epoch_time": 2191.925632238388}, "39": {"global_step": 59397, "best_epoch": 36, "acc": 0.8615384697914124, "best_acc": 0.8846153616905212, "loss": 0.05250397742346563, "epoch_time": 2134.0203013420105}, "40": {"global_step": 60920, "best_epoch": 36, "acc": 0.8230769038200378, "best_acc": 0.8846153616905212, "loss": 0.057156128931604835, "epoch_time": 2135.701068878174}, "41": {"global_step": 62443, "best_epoch": 36, "acc": 0.8769230842590332, "best_acc": 0.8846153616905212, "loss": 0.05308829399592116, "epoch_time": 2135.7691535949707}, "42": {"global_step": 63966, "best_epoch": 36, "acc": 0.7615384459495544, "best_acc": 0.8846153616905212, "loss": 0.05174196908828407, "epoch_time": 2136.5733234882355}, "43": {"global_step": 65489, "best_epoch": 36, "acc": 0.8384615182876587, "best_acc": 0.8846153616905212, "loss": 0.05029576493109735, "epoch_time": 2137.1552584171295}, "44": {"global_step": 67012, "best_epoch": 36, "acc": 0.7846153974533081, "best_acc": 0.8846153616905212, "loss": 0.049011200234643754, "epoch_time": 2136.1473920345306}, "45": {"global_step": 68535, "best_epoch": 36, "acc": 0.8307692408561707, "best_acc": 0.8846153616905212, "loss": 0.055181970070093386, "epoch_time": 2255.060411453247}, "46": {"global_step": 70058, "best_epoch": 36, "acc": 0.8230769038200378, "best_acc": 0.8846153616905212, "loss": 0.05369936122689609, "epoch_time": 2263.2291991710663}, "47": {"global_step": 71581, "best_epoch": 36, "acc": 0.8153846263885498, "best_acc": 0.8846153616905212, "loss": 0.04824397792913265, "epoch_time": 2241.279817342758}, "48": {"global_step": 73104, "best_epoch": 36, "acc": 0.8769230842590332,