{"1": {"global_step": 571, "best_epoch": 1, "acc": 0.5384615659713745, "best_acc": 0.5384615659713745, "loss": 3.5666758321003824, "epoch_time": 1140.212693452835}, "2": {"global_step": 1142, "best_epoch": 2, "acc": 0.607692301273346, "best_acc": 0.607692301273346, "loss": 3.015756496197288, "epoch_time": 1137.3468191623688}, "3": {"global_step": 1713, "best_epoch": 3, "acc": 0.7076923251152039, "best_acc": 0.7076923251152039, "loss": 2.4915225237207808, "epoch_time": 1143.6307957172394}, "4": {"global_step": 2284, "best_epoch": 4, "acc": 0.7384615540504456, "best_acc": 0.7384615540504456, "loss": 2.105540249451029, "epoch_time": 1141.2367534637451}, "5": {"global_step": 2855, "best_epoch": 5, "acc": 0.807692289352417, "best_acc": 0.807692289352417, "loss": 1.8253875969431237, "epoch_time": 1140.5886325836182}, "6": {"global_step": 3426, "best_epoch": 6, "acc": 0.8153846263885498, "best_acc": 0.8153846263885498, "loss": 1.6104289654292214, "epoch_time": 1138.8715114593506}, "7": {"global_step": 3997, "best_epoch": 6, "acc": 0.800000011920929, "best_acc": 0.8153846263885498, "loss": 1.4449764226011286, "epoch_time": 1143.984572172165}, "8": {"global_step": 4568, "best_epoch": 8, "acc": 0.8692307472229004, "best_acc": 0.8692307472229004, "loss": 1.3123546115378808, "epoch_time": 1137.7211232185364}, "9": {"global_step": 5139, "best_epoch": 8, "acc": 0.8384615182876587, "best_acc": 0.8692307472229004, "loss": 1.2039121486395916, "epoch_time": 1137.50758767128}, "10": {"global_step": 5710, "best_epoch": 8, "acc": 0.7846153974533081, "best_acc": 0.8692307472229004, "loss": 1.1132482596400688, "epoch_time": 1136.5611894130707}, "11": {"global_step": 6281, "best_epoch": 8, "acc": 0.7923076748847961, "best_acc": 0.8692307472229004, "loss": 1.0392558524321929, "epoch_time": 1138.4687905311584}, "12": {"global_step": 6852, "best_epoch": 8, "acc": 0.8230769038200378, "best_acc": 0.8692307472229004, "loss": 0.9746850908546879, "epoch_time": 1140.6661937236786}, "13": {"global_step": 7423, "best_epoch": 8, "acc": 0.800000011920929, "best_acc": 0.8692307472229004, "loss": 0.9179962631335067, "epoch_time": 1136.9855451583862}, "14": {"global_step": 7994, "best_epoch": 8, "acc": 0.8538461327552795, "best_acc": 0.8692307472229004, "loss": 0.8686835435707255, "epoch_time": 1140.1595270633698}, "15": {"global_step": 8565, "best_epoch": 15, "acc": 0.8769230842590332, "best_acc": 0.8769230842590332, "loss": 0.8240672196003337, "epoch_time": 1136.2160112857819}, "16": {"global_step": 9136, "best_epoch": 16, "acc": 0.9230769276618958, "best_acc": 0.9230769276618958, "loss": 0.7847807534859025, "epoch_time": 1133.8049485683441}, "17": {"global_step": 9707, "best_epoch": 16, "acc": 0.8307692408561707, "best_acc": 0.9230769276618958, "loss": 0.7499959423849856, "epoch_time": 1133.9413528442383}, "18": {"global_step": 10278, "best_epoch": 16, "acc": 0.8307692408561707, "best_acc": 0.9230769276618958, "loss": 0.7174158518605469, "epoch_time": 1136.6544806957245}, "19": {"global_step": 10849, "best_epoch": 16, "acc": 0.8153846263885498, "best_acc": 0.9230769276618958, "loss": 0.6886886557817723, "epoch_time": 1138.2897889614105}, "20": {"global_step": 11420, "best_epoch": 16, "acc": 0.8230769038200378, "best_acc": 0.9230769276618958, "loss": 0.6620874539072725, "epoch_time": 1141.6347410678864}, "21": {"global_step": 11991, "best_epoch": 16, "acc": 0.8230769038200378, "best_acc": 0.9230769276618958, "loss": 0.6379389492538177, "epoch_time": 1133.2565047740936}, "22": {"global_step": 12562, "best_epoch": 16, "acc": 0.7923076748847961, "best_acc": 0.9230769276618958, "loss": 0.6151384116668145, "epoch_time": 1132.4102296829224}, "23": {"global_step": 13133, "best_epoch": 16, "acc": 0.8461538553237915, "best_acc": 0.9230769276618958, "loss": 0.5946952779058627, "epoch_time": 1140.4511935710907}, "24": {"global_step": 13704, "best_epoch": 16, "acc": 0.8230769038200378, "best_acc": 0.9230769276618958, "loss": 0.5756033285922206, "epoch_time": 1133.6788766384125}, "25": {"global_step": 14275, "best_epoch": 16, "acc": 0.8384615182876587, "best_acc": 0.9230769276618958, "loss": 0.558016590857699, "epoch_time": 1136.3556389808655}, "26": {"global_step": 14846, "best_epoch": 16, "acc": 0.8230769038200378, "best_acc": 0.9230769276618958, "loss": 0.5412086235336665, "epoch_time": 1138.1493647098541}, "27": {"global_step": 15417, "best_epoch": 16, "acc": 0.8230769038200378, "best_acc": 0.9230769276618958, "loss": 0.5258194562131386, "epoch_time": 1141.3737988471985}, "28": {"global_step": 15988, "best_epoch": 16, "acc": 0.8307692408561707, "best_acc": 0.9230769276618958, "loss": 0.5113527467063742, "epoch_time": 1134.1315109729767}, "29": {"global_step": 16559, "best_epoch": 16, "acc": 0.8230769038200378, "best_acc": 0.9230769276618958, "loss": 0.49733028879531715, "epoch_time": 1135.9005682468414}, "30": {"global_step": 17130, "best_epoch": 16, "acc": 0.8230769038200378, "best_acc": 0.9230769276618958, "loss": 0.4844952905726819, "epoch_time": 1134.1892173290253}, "31": {"global_step": 17701, "best_epoch": 16, "acc": 0.8692307472229004, "best_acc": 0.9230769276618958, "loss": 0.4721626684420872, "epoch_time": 1136.1881365776062}, "32": {"global_step": 18272, "best_epoch": 16, "acc": 0.800000011920929, "best_acc": 0.9230769276618958, "loss": 0.4611117912574529, "epoch_time": 1139.3752191066742}, "33": {"global_step": 18843, "best_epoch": 16, "acc": 0.892307698726654, "best_acc": 0.9230769276618958, "loss": 0.45061468624456913, "epoch_time": 1137.3832564353943}, "34": {"global_step": 19414, "best_epoch": 16, "acc": 0.8384615182876587, "best_acc": 0.9230769276618958, "loss": 0.44030619408231014, "epoch_time": 1136.7603747844696}, "35": {"global_step": 19985, "best_epoch": 16, "acc": 0.8461538553237915, "best_acc": 0.9230769276618958, "loss": 0.43042730481147956, "epoch_time": 1135.491779088974}, "36": {"global_step": 20556, "best_epoch": 16, "acc": 0.8307692408561707, "best_acc": 0.9230769276618958, "loss": 0.42114197023597766, "epoch_time": 1133.6030673980713}, "37": {"global_step": 21127, "best_epoch": 16, "acc": 0.8153846263885498, "best_acc": 0.9230769276618958, "loss": 0.4124799176554766, "epoch_time": 1136.9272947311401}, "38": {"global_step": 21698, "best_epoch": 16, "acc": 0.7692307829856873, "best_acc": 0.9230769276618958, "loss": 0.40442434930790305, "epoch_time": 1138.1447749137878}, "39": {"global_step": 22269, "best_epoch": 16, "acc": 0.8846153616905212, "best_acc": 0.9230769276618958, "loss": 0.3964413683650975, "epoch_time": 1135.0152051448822}, "40": {"global_step": 22840, "best_epoch": 16, "acc": 0.8461538553237915, "best_acc": 0.9230769276618958, "loss": 0.38891741501584043, "epoch_time": 1137.4030299186707}, "41": {"global_step": 23411, "best_epoch": 16, "acc": 0.7846153974533081, "best_acc": 0.9230769276618958, "loss": 0.38151477638077885, "epoch_time": 1131.0535864830017}, "42": {"global_step": 23982, "best_epoch": 16, "acc": 0.8615384697914124, "best_acc": 0.9230769276618958, "loss": 0.37459987835045044, "epoch_time": 1134.6194293498993}, "43": {"global_step": 24553, "best_epoch": 16, "acc": 0.8461538553237915, "best_acc": 0.9230769276618958, "loss": 0.36785747600007535, "epoch_time": 1132.2766749858856}, "44": {"global_step": 25124, "best_epoch": 16, "acc": 0.7692307829856873, "best_acc": 0.9230769276618958, "loss": 0.3614413854793896, "epoch_time": 1136.8115463256836}, "45": {"global_step": 25695, "best_epoch": 16, "acc": 0.8769230842590332, "best_acc": 0.9230769276618958, "loss": 0.3552252557896116, "epoch_time": 1135.6710419654846}, "46": {"global_step": 26266, "best_epoch": 16, "acc": 0.8230769038200378, "best_acc": 0.9230769276618958, "loss": 0.34908692738610186, "epoch_time": 1132.9372692108154}, "47": {"global_step": 26837, "best_epoch": 16, "acc": 0.8769230842590332, "best_acc": 0.9230769276618958, "loss": 0.3434528482056737, "epoch_time": 1135.8338012695312}, "48": {"global_step": 27408, "best_epoch": 16, "acc": 0.8461538553237915,