{"1": {"global_step": 571, "best_epoch": 1, "acc": 0.3384615480899811, "best_acc": 0.3384615480899811, "loss": 5.816004781088353, "epoch_time": 1346.905398607254}, "2": {"global_step": 1142, "best_epoch": 2, "acc": 0.4307692348957062, "best_acc": 0.4307692348957062, "loss": 5.106161563910035, "epoch_time": 1341.0892832279205}, "3": {"global_step": 1713, "best_epoch": 2, "acc": 0.4307692348957062, "best_acc": 0.4307692348957062, "loss": 4.578623817736687, "epoch_time": 1343.1485674381256}, "4": {"global_step": 2284, "best_epoch": 4, "acc": 0.6000000238418579, "best_acc": 0.6000000238418579, "loss": 4.151985995928168, "epoch_time": 1342.5410499572754}, "5": {"global_step": 2855, "best_epoch": 5, "acc": 0.6384615302085876, "best_acc": 0.6384615302085876, "loss": 3.787267101207673, "epoch_time": 1341.1765713691711}, "6": {"global_step": 3426, "best_epoch": 6, "acc": 0.7307692170143127, "best_acc": 0.7307692170143127, "loss": 3.4762307182258843, "epoch_time": 1339.6610224246979}, "7": {"global_step": 3997, "best_epoch": 6, "acc": 0.6769230961799622, "best_acc": 0.7307692170143127, "loss": 3.2097937295608054, "epoch_time": 1341.0684776306152}, "8": {"global_step": 4568, "best_epoch": 6, "acc": 0.692307710647583, "best_acc": 0.7307692170143127, "loss": 2.979245998617751, "epoch_time": 1341.3974759578705}, "9": {"global_step": 5139, "best_epoch": 6, "acc": 0.692307710647583, "best_acc": 0.7307692170143127, "loss": 2.7825272686867937, "epoch_time": 1342.7812838554382}, "10": {"global_step": 5710, "best_epoch": 6, "acc": 0.692307710647583, "best_acc": 0.7307692170143127, "loss": 2.609790532956399, "epoch_time": 1341.7669472694397}, "11": {"global_step": 6281, "best_epoch": 6, "acc": 0.7230769395828247, "best_acc": 0.7307692170143127, "loss": 2.458294242833986, "epoch_time": 1343.2129397392273}, "12": {"global_step": 6852, "best_epoch": 12, "acc": 0.7615384459495544, "best_acc": 0.7615384459495544, "loss": 2.324563549178007, "epoch_time": 1341.4208347797394}, "13": {"global_step": 7423, "best_epoch": 12, "acc": 0.7615384459495544, "best_acc": 0.7615384459495544, "loss": 2.204236558027125, "epoch_time": 1337.7542626857758}, "14": {"global_step": 7994, "best_epoch": 12, "acc": 0.699999988079071, "best_acc": 0.7615384459495544, "loss": 2.0943650298318266, "epoch_time": 1336.3586423397064}, "15": {"global_step": 8565, "best_epoch": 15, "acc": 0.7846153974533081, "best_acc": 0.7846153974533081, "loss": 1.9949865688932478, "epoch_time": 1338.9358780384064}, "16": {"global_step": 9136, "best_epoch": 15, "acc": 0.7307692170143127, "best_acc": 0.7846153974533081, "loss": 1.905776905951183, "epoch_time": 1336.6631963253021}, "17": {"global_step": 9707, "best_epoch": 15, "acc": 0.6846153736114502, "best_acc": 0.7846153974533081, "loss": 1.8246121034609482, "epoch_time": 1334.4524652957916}, "18": {"global_step": 10278, "best_epoch": 15, "acc": 0.7153846025466919, "best_acc": 0.7846153974533081, "loss": 1.7502139908531442, "epoch_time": 1335.4427270889282}, "19": {"global_step": 10849, "best_epoch": 15, "acc": 0.699999988079071, "best_acc": 0.7846153974533081, "loss": 1.6799473562996798, "epoch_time": 1336.1142723560333}, "20": {"global_step": 11420, "best_epoch": 15, "acc": 0.7153846025466919, "best_acc": 0.7846153974533081, "loss": 1.6166970659680209, "epoch_time": 1335.199091911316}, "21": {"global_step": 11991, "best_epoch": 15, "acc": 0.692307710647583, "best_acc": 0.7846153974533081, "loss": 1.557660032674818, "epoch_time": 1338.6134440898895}, "22": {"global_step": 12562, "best_epoch": 15, "acc": 0.692307710647583, "best_acc": 0.7846153974533081, "loss": 1.5028988460054815, "epoch_time": 1337.4102094173431}, "23": {"global_step": 13133, "best_epoch": 15, "acc": 0.7153846025466919, "best_acc": 0.7846153974533081, "loss": 1.4520579672221463, "epoch_time": 1337.1143929958344}, "24": {"global_step": 13704, "best_epoch": 15, "acc": 0.7153846025466919, "best_acc": 0.7846153974533081, "loss": 1.4061606159565292, "epoch_time": 1334.785457611084}, "25": {"global_step": 14275, "best_epoch": 15, "acc": 0.7692307829856873, "best_acc": 0.7846153974533081, "loss": 1.3612874342887393, "epoch_time": 1336.5156214237213}, "26": {"global_step": 14846, "best_epoch": 15, "acc": 0.7615384459495544, "best_acc": 0.7846153974533081, "loss": 1.318826577926907, "epoch_time": 1333.271428346634}, "27": {"global_step": 15417, "best_epoch": 27, "acc": 0.7923076748847961, "best_acc": 0.7923076748847961, "loss": 1.2803236187454474, "epoch_time": 1337.5596165657043}, "28": {"global_step": 15988, "best_epoch": 27, "acc": 0.7076923251152039, "best_acc": 0.7923076748847961, "loss": 1.243383550498246, "epoch_time": 1336.102397441864}, "29": {"global_step": 16559, "best_epoch": 27, "acc": 0.7384615540504456, "best_acc": 0.7923076748847961, "loss": 1.208983322591655, "epoch_time": 1339.5999267101288}, "30": {"global_step": 17130, "best_epoch": 27, "acc": 0.6769230961799622, "best_acc": 0.7923076748847961, "loss": 1.1760135887888241, "epoch_time": 1340.4475438594818}, "31": {"global_step": 17701, "best_epoch": 27, "acc": 0.7307692170143127, "best_acc": 0.7923076748847961, "loss": 1.145566129627383, "epoch_time": 1337.3226952552795}, "32": {"global_step": 18272, "best_epoch": 27, "acc": 0.7769230604171753, "best_acc": 0.7923076748847961, "loss": 1.1168278971700314, "epoch_time": 1337.0895793437958}, "33": {"global_step": 18843, "best_epoch": 27, "acc": 0.7076923251152039, "best_acc": 0.7923076748847961, "loss": 1.089134754692172, "epoch_time": 1334.5898706912994}, "34": {"global_step": 19414, "best_epoch": 27, "acc": 0.7461538314819336, "best_acc": 0.7923076748847961, "loss": 1.0636138780338706, "epoch_time": 1335.3026642799377}, "35": {"global_step": 19985, "best_epoch": 27, "acc": 0.7076923251152039, "best_acc": 0.7923076748847961, "loss": 1.0385173540834076, "epoch_time": 1335.9753818511963}, "36": {"global_step": 20556, "best_epoch": 27, "acc": 0.6769230961799622, "best_acc": 0.7923076748847961, "loss": 1.0141142863835262, "epoch_time": 1337.1313226222992}, "37": {"global_step": 21127, "best_epoch": 27, "acc": 0.6846153736114502, "best_acc": 0.7923076748847961, "loss": 0.9919848422889138, "epoch_time": 1335.8684966564178}, "38": {"global_step": 21698, "best_epoch": 27, "acc": 0.7307692170143127, "best_acc": 0.7923076748847961, "loss": 0.9701077332011517, "epoch_time": 1335.7644793987274}, "39": {"global_step": 22269, "best_epoch": 27, "acc": 0.7153846025466919, "best_acc": 0.7923076748847961, "loss": 0.9497872971583287, "epoch_time": 1334.1723957061768}, "40": {"global_step": 22840, "best_epoch": 27, "acc": 0.7538461685180664, "best_acc": 0.7923076748847961, "loss": 0.9304998203301019, "epoch_time": 1336.9275720119476}, "41": {"global_step": 23411, "best_epoch": 27, "acc": 0.7076923251152039, "best_acc": 0.7923076748847961, "loss": 0.9116440270062488, "epoch_time": 1337.7979290485382}, "42": {"global_step": 23982, "best_epoch": 27, "acc": 0.7769230604171753, "best_acc": 0.7923076748847961, "loss": 0.8932632147770625, "epoch_time": 1335.9160463809967}, "43": {"global_step": 24553, "best_epoch": 27, "acc": 0.7461538314819336, "best_acc": 0.7923076748847961, "loss": 0.8760107243301973, "epoch_time": 1334.2838451862335}, "44": {"global_step": 25124, "best_epoch": 27, "acc": 0.7076923251152039, "best_acc": 0.7923076748847961, "loss": 0.8600999581638076, "epoch_time": 1335.6699612140656}, "45": {"global_step": 25695, "best_epoch": 27, "acc": 0.7692307829856873, "best_acc": 0.7923076748847961, "loss": 0.8442102664076176, "epoch_time": 1337.3762991428375}, "46": {"global_step": 26266, "best_epoch": 27, "acc": 0.7076923251152039, "best_acc": 0.7923076748847961, "loss": 0.8290725219075995, "epoch_time": 1335.3411254882812}, "47": {"global_step": 26837, "best_epoch": 27, "acc": 0.6692307591438293, "best_acc": 0.7923076748847961, "loss": 0.8145697767601092, "epoch_time": 1333.707082748413}, "48": {"global_step": 27408, "best_epoch": 27, "acc": 0.7461538314819336, "best_acc": 0.7923076748847961,