{"1": {"global_step": 571, "best_epoch": 1, "acc": 0.3384615480899811, "best_acc": 0.3384615480899811, "loss": 3.753433984549367, "epoch_time": 1145.221974849701}, "2": {"global_step": 1142, "best_epoch": 2, "acc": 0.48461538553237915, "best_acc": 0.48461538553237915, "loss": 3.3327186603470986, "epoch_time": 1146.5446667671204}, "3": {"global_step": 1713, "best_epoch": 3, "acc": 0.4923076927661896, "best_acc": 0.4923076927661896, "loss": 2.976792442749901, "epoch_time": 1141.4761936664581}, "4": {"global_step": 2284, "best_epoch": 4, "acc": 0.5846154093742371, "best_acc": 0.5846154093742371, "loss": 2.688153344074398, "epoch_time": 1140.9637722969055}, "5": {"global_step": 2855, "best_epoch": 5, "acc": 0.607692301273346, "best_acc": 0.607692301273346, "loss": 2.4503033857838283, "epoch_time": 1140.246384382248}, "6": {"global_step": 3426, "best_epoch": 6, "acc": 0.6615384817123413, "best_acc": 0.6615384817123413, "loss": 2.2512298426430473, "epoch_time": 1140.6242282390594}, "7": {"global_step": 3997, "best_epoch": 7, "acc": 0.6846153736114502, "best_acc": 0.6846153736114502, "loss": 2.08337461562165, "epoch_time": 1140.4475588798523}, "8": {"global_step": 4568, "best_epoch": 7, "acc": 0.6307692527770996, "best_acc": 0.6846153736114502, "loss": 1.9401072191234332, "epoch_time": 1140.1547577381134}, "9": {"global_step": 5139, "best_epoch": 7, "acc": 0.6230769157409668, "best_acc": 0.6846153736114502, "loss": 1.8183914141203554, "epoch_time": 1141.8901636600494}, "10": {"global_step": 5710, "best_epoch": 7, "acc": 0.6384615302085876, "best_acc": 0.6846153736114502, "loss": 1.710356035499773, "epoch_time": 1142.262705564499}, "11": {"global_step": 6281, "best_epoch": 7, "acc": 0.6615384817123413, "best_acc": 0.6846153736114502, "loss": 0.6756533369448056, "epoch_time": 1139.2920064926147}, "12": {"global_step": 6852, "best_epoch": 12, "acc": 0.7384615540504456, "best_acc": 0.7384615540504456, "loss": 0.6435147963477308, "epoch_time": 1137.6374385356903}, "13": {"global_step": 7423, "best_epoch": 12, "acc": 0.6846153736114502, "best_acc": 0.7384615540504456, "loss": 0.6154597455116997, "epoch_time": 1137.4696176052094}, "14": {"global_step": 7994, "best_epoch": 14, "acc": 0.7615384459495544, "best_acc": 0.7615384459495544, "loss": 0.5887687951130646, "epoch_time": 1137.0213687419891}, "15": {"global_step": 8565, "best_epoch": 14, "acc": 0.6769230961799622, "best_acc": 0.7615384459495544, "loss": 0.5631613316448265, "epoch_time": 1134.779643535614}, "16": {"global_step": 9136, "best_epoch": 14, "acc": 0.6769230961799622, "best_acc": 0.7615384459495544, "loss": 0.5398279540827938, "epoch_time": 1135.762969493866}, "17": {"global_step": 9707, "best_epoch": 14, "acc": 0.6846153736114502, "best_acc": 0.7615384459495544, "loss": 0.5175751490270999, "epoch_time": 1133.8892931938171}, "18": {"global_step": 10278, "best_epoch": 14, "acc": 0.7307692170143127, "best_acc": 0.7615384459495544, "loss": 0.49631917931713593, "epoch_time": 1134.2705614566803}, "19": {"global_step": 10849, "best_epoch": 19, "acc": 0.7923076748847961, "best_acc": 0.7923076748847961, "loss": 0.4800347311255138, "epoch_time": 1134.4608960151672}, "20": {"global_step": 11420, "best_epoch": 19, "acc": 0.699999988079071, "best_acc": 0.7923076748847961, "loss": 0.4643289455253429, "epoch_time": 1131.0660254955292}, "21": {"global_step": 11991, "best_epoch": 19, "acc": 0.7153846025466919, "best_acc": 0.7923076748847961, "loss": 0.448601701752222, "epoch_time": 1136.8458244800568}, "22": {"global_step": 12562, "best_epoch": 19, "acc": 0.7153846025466919, "best_acc": 0.7923076748847961, "loss": 0.4343268593889593, "epoch_time": 1133.706290960312}, "23": {"global_step": 13133, "best_epoch": 19, "acc": 0.7307692170143127, "best_acc": 0.7923076748847961, "loss": 0.4208582405597634, "epoch_time": 1133.5948975086212}, "24": {"global_step": 13704, "best_epoch": 19, "acc": 0.7538461685180664, "best_acc": 0.7923076748847961, "loss": 0.4081212017980626, "epoch_time": 1134.3385293483734}, "25": {"global_step": 14275, "best_epoch": 19, "acc": 0.7692307829856873, "best_acc": 0.7923076748847961, "loss": 0.39689058444054415, "epoch_time": 1136.9115602970123}, "26": {"global_step": 14846, "best_epoch": 19, "acc": 0.7153846025466919, "best_acc": 0.7923076748847961, "loss": 0.3870298017218836, "epoch_time": 1133.3817312717438}, "27": {"global_step": 15417, "best_epoch": 19, "acc": 0.7384615540504456, "best_acc": 0.7923076748847961, "loss": 0.3770077757391915, "epoch_time": 1133.488047361374}, "28": {"global_step": 15988, "best_epoch": 19, "acc": 0.7692307829856873, "best_acc": 0.7923076748847961, "loss": 0.367310871087786, "epoch_time": 1134.6004800796509}, "29": {"global_step": 16559, "best_epoch": 19, "acc": 0.7384615540504456, "best_acc": 0.7923076748847961, "loss": 0.3579664765950301, "epoch_time": 1132.4439179897308}, "30": {"global_step": 17130, "best_epoch": 19, "acc": 0.7461538314819336, "best_acc": 0.7923076748847961, "loss": 0.3500063743391735, "epoch_time": 1136.7221159934998}, "31": {"global_step": 17701, "best_epoch": 19, "acc": 0.7615384459495544, "best_acc": 0.7923076748847961, "loss": 0.3424789300976757, "epoch_time": 1132.8406836986542}, "32": {"global_step": 18272, "best_epoch": 19, "acc": 0.7384615540504456, "best_acc": 0.7923076748847961, "loss": 0.33453752714360646, "epoch_time": 1133.0881400108337}, "33": {"global_step": 18843, "best_epoch": 19, "acc": 0.7230769395828247, "best_acc": 0.7923076748847961, "loss": 0.32701232358590615, "epoch_time": 1135.8829112052917}, "34": {"global_step": 19414, "best_epoch": 19, "acc": 0.7153846025466919, "best_acc": 0.7923076748847961, "loss": 0.3198105021734231, "epoch_time": 1135.516701221466}, "35": {"global_step": 19985, "best_epoch": 19, "acc": 0.7692307829856873, "best_acc": 0.7923076748847961, "loss": 0.31301911738794136, "epoch_time": 1136.0609469413757}, "36": {"global_step": 20556, "best_epoch": 19, "acc": 0.7769230604171753, "best_acc": 0.7923076748847961, "loss": 0.30684269481537674, "epoch_time": 1133.0126156806946}, "37": {"global_step": 21127, "best_epoch": 37, "acc": 0.8153846263885498, "best_acc": 0.8153846263885498, "loss": 0.3010234195308799, "epoch_time": 1140.0604357719421}, "38": {"global_step": 21698, "best_epoch": 37, "acc": 0.7615384459495544, "best_acc": 0.8153846263885498, "loss": 0.2957799690650333, "epoch_time": 1133.104160785675}, "39": {"global_step": 22269, "best_epoch": 37, "acc": 0.7692307829856873, "best_acc": 0.8153846263885498, "loss": 0.28969501280771087, "epoch_time": 1140.2346532344818}, "40": {"global_step": 22840, "best_epoch": 37, "acc": 0.7076923251152039, "best_acc": 0.8153846263885498, "loss": 0.2847230952962422, "epoch_time": 1134.0251829624176}, "41": {"global_step": 23411, "best_epoch": 37, "acc": 0.7615384459495544, "best_acc": 0.8153846263885498, "loss": 0.2797587305166593, "epoch_time": 1141.277400970459}, "42": {"global_step": 23982, "best_epoch": 37, "acc": 0.7692307829856873, "best_acc": 0.8153846263885498, "loss": 0.2750148133540097, "epoch_time": 1140.7559893131256}, "43": {"global_step": 24553, "best_epoch": 37, "acc": 0.7615384459495544, "best_acc": 0.8153846263885498, "loss": 0.27051419418408756, "epoch_time": 1134.190635919571}, "44": {"global_step": 25124, "best_epoch": 37, "acc": 0.7230769395828247, "best_acc": 0.8153846263885498, "loss": 0.2659724657700111, "epoch_time": 1133.4318943023682}, "45": {"global_step": 25695, "best_epoch": 37, "acc": 0.7307692170143127, "best_acc": 0.8153846263885498, "loss": 0.2621661774399379, "epoch_time": 1135.0641541481018}, "46": {"global_step": 26266, "best_epoch": 37, "acc": 0.7846153974533081, "best_acc": 0.8153846263885498, "loss": 0.2577435847121135, "epoch_time": 1139.8348896503448}, "47": {"global_step": 26837, "best_epoch": 37, "acc": 0.7230769395828247, "best_acc": 0.8153846263885498, "loss": 0.25379672439343254, "epoch_time": 1139.0670547485352}, "48": {"global_step": 27408, "best_epoch": 37, "acc": 0.7153846025466919, "best_acc": 0.8153846263885498,