{"1": {"global_step": 4569, "best_epoch": 1, "acc": 0.5384615659713745, "best_acc": 0.5384615659713745, "loss": 2.184651782382732, "epoch_time": 2439.016979455948}, "2": {"global_step": 9138, "best_epoch": 2, "acc": 0.699999988079071, "best_acc": 0.699999988079071, "loss": 1.6443114256397424, "epoch_time": 2436.5542454719543}, "3": {"global_step": 13707, "best_epoch": 3, "acc": 0.7692307829856873, "best_acc": 0.7692307829856873, "loss": 1.3137421505926754, "epoch_time": 2437.8781151771545}, "4": {"global_step": 18276, "best_epoch": 3, "acc": 0.7692307829856873, "best_acc": 0.7692307829856873, "loss": 1.1011896645561154, "epoch_time": 2461.3724007606506}, "5": {"global_step": 22845, "best_epoch": 5, "acc": 0.7923076748847961, "best_acc": 0.7923076748847961, "loss": 0.9538292825183542, "epoch_time": 2472.2739560604095}, "6": {"global_step": 27414, "best_epoch": 5, "acc": 0.7538461685180664, "best_acc": 0.7923076748847961, "loss": 0.8460463501436504, "epoch_time": 2477.856721162796}, "7": {"global_step": 31983, "best_epoch": 5, "acc": 0.7923076748847961, "best_acc": 0.7923076748847961, "loss": 0.7633882377764365, "epoch_time": 2472.626528739929}, "8": {"global_step": 36552, "best_epoch": 8, "acc": 0.8307692408561707, "best_acc": 0.8307692408561707, "loss": 0.6972821771619521, "epoch_time": 2462.894164800644}, "9": {"global_step": 41121, "best_epoch": 9, "acc": 0.8615384697914124, "best_acc": 0.8615384697914124, "loss": 0.6431896147000895, "epoch_time": 2460.658716917038}, "10": {"global_step": 45690, "best_epoch": 9, "acc": 0.7769230604171753, "best_acc": 0.8615384697914124, "loss": 0.5987476609419984, "epoch_time": 2461.7050647735596}, "11": {"global_step": 50259, "best_epoch": 9, "acc": 0.8615384697914124, "best_acc": 0.8615384697914124, "loss": 0.560543429663427, "epoch_time": 2465.39368724823}, "12": {"global_step": 54828, "best_epoch": 9, "acc": 0.8461538553237915, "best_acc": 0.8615384697914124, "loss": 0.5280743308083878, "epoch_time": 2460.7066600322723}, "13": {"global_step": 59397, "best_epoch": 9, "acc": 0.8384615182876587, "best_acc": 0.8615384697914124, "loss": 0.4997750701178339, "epoch_time": 2457.8462240695953}, "14": {"global_step": 63966, "best_epoch": 9, "acc": 0.8538461327552795, "best_acc": 0.8615384697914124, "loss": 0.47470439841207845, "epoch_time": 2451.4513590335846}, "15": {"global_step": 68535, "best_epoch": 9, "acc": 0.8230769038200378, "best_acc": 0.8615384697914124, "loss": 0.45256842429286037, "epoch_time": 2457.631671190262}, "16": {"global_step": 73104, "best_epoch": 9, "acc": 0.8615384697914124, "best_acc": 0.8615384697914124, "loss": 0.43270670902352465, "epoch_time": 2460.128970861435}, "17": {"global_step": 77673, "best_epoch": 9, "acc": 0.8461538553237915, "best_acc": 0.8615384697914124, "loss": 0.41420049169557843, "epoch_time": 2460.911239385605}, "18": {"global_step": 82242, "best_epoch": 9, "acc": 0.8538461327552795, "best_acc": 0.8615384697914124, "loss": 0.39797691789244527, "epoch_time": 2456.1927993297577}, "19": {"global_step": 86811, "best_epoch": 9, "acc": 0.800000011920929, "best_acc": 0.8615384697914124, "loss": 0.3831826919762939, "epoch_time": 2455.7205123901367}, "20": {"global_step": 91380, "best_epoch": 9, "acc": 0.7769230604171753, "best_acc": 0.8615384697914124, "loss": 0.3695423910816655, "epoch_time": 2452.372143983841}, "21": {"global_step": 95949, "best_epoch": 9, "acc": 0.7923076748847961, "best_acc": 0.8615384697914124, "loss": 0.10560677123918452, "epoch_time": 2434.2640056610107}, "22": {"global_step": 100518, "best_epoch": 9, "acc": 0.8538461327552795, "best_acc": 0.8615384697914124, "loss": 0.10527302116868409, "epoch_time": 2430.071575641632}, "23": {"global_step": 105087, "best_epoch": 9, "acc": 0.8307692408561707, "best_acc": 0.8615384697914124, "loss": 0.09510306625161295, "epoch_time": 2441.7937195301056}, "24": {"global_step": 109656, "best_epoch": 24, "acc": 0.9230769276618958, "best_acc": 0.9230769276618958, "loss": 0.0985668147989681, "epoch_time": 2436.429181575775}, "25": {"global_step": 114225, "best_epoch": 24, "acc": 0.8307692408561707, "best_acc": 0.9230769276618958, "loss": 0.09594956190105697, "epoch_time": 2440.652012825012}, "26": {"global_step": 118794, "best_epoch": 24, "acc": 0.8615384697914124, "best_acc": 0.9230769276618958, "loss": 0.09561699959991891, "epoch_time": 2440.060206413269}, "27": {"global_step": 123363, "best_epoch": 24, "acc": 0.8461538553237915, "best_acc": 0.9230769276618958, "loss": 0.09355471305052933, "epoch_time": 2441.090985059738}, "28": {"global_step": 127932, "best_epoch": 24, "acc": 0.8461538553237915, "best_acc": 0.9230769276618958, "loss": 0.09295915176593252, "epoch_time": 2433.8195407390594}, "29": {"global_step": 132501, "best_epoch": 24, "acc": 0.807692289352417, "best_acc": 0.9230769276618958, "loss": 0.09031397468430531, "epoch_time": 2441.169995069504}, "30": {"global_step": 137070, "best_epoch": 24, "acc": 0.8769230842590332, "best_acc": 0.9230769276618958, "loss": 0.08955252636880848, "epoch_time": 2437.800593852997}, "31": {"global_step": 141639, "best_epoch": 24, "acc": 0.9076923131942749, "best_acc": 0.9230769276618958, "loss": 0.08863167145919074, "epoch_time": 2439.451961994171}, "32": {"global_step": 146208, "best_epoch": 24, "acc": 0.8615384697914124, "best_acc": 0.9230769276618958, "loss": 0.08768954602465762, "epoch_time": 2444.177946805954}, "33": {"global_step": 150777, "best_epoch": 24, "acc": 0.8461538553237915, "best_acc": 0.9230769276618958, "loss": 0.08649982068742129, "epoch_time": 2442.292355298996}, "34": {"global_step": 155346, "best_epoch": 24, "acc": 0.8384615182876587, "best_acc": 0.9230769276618958, "loss": 0.08533243916985762, "epoch_time": 2440.4100861549377}, "35": {"global_step": 159915, "best_epoch": 24, "acc": 0.8692307472229004, "best_acc": 0.9230769276618958, "loss": 0.08446613884469023, "epoch_time": 2452.7567236423492}, "36": {"global_step": 164484, "best_epoch": 24, "acc": 0.9076923131942749, "best_acc": 0.9230769276618958, "loss": 0.08327073072523095, "epoch_time": 2458.632720708847}, "37": {"global_step": 169053, "best_epoch": 24, "acc": 0.8384615182876587, "best_acc": 0.9230769276618958, "loss": 0.08232164227230855, "epoch_time": 2449.5551772117615}, "38": {"global_step": 173622, "best_epoch": 24, "acc": 0.8615384697914124, "best_acc": 0.9230769276618958, "loss": 0.08140456966875083, "epoch_time": 2454.8177750110626}, "39": {"global_step": 178191, "best_epoch": 24, "acc": 0.8615384697914124, "best_acc": 0.9230769276618958, "loss": 0.08103012986135458, "epoch_time": 2448.8603925704956}, "40": {"global_step": 182760, "best_epoch": 24, "acc": 0.8307692408561707, "best_acc": 0.9230769276618958, "loss": 0.08001250934014154, "epoch_time": 2448.3196070194244}, "41": {"global_step": 187329, "best_epoch": 24, "acc": 0.8769230842590332, "best_acc": 0.9230769276618958, "loss": 0.07883960857564112, "epoch_time": 2453.782961368561}, "42": {"global_step": 191898, "best_epoch": 24, "acc": 0.8384615182876587, "best_acc": 0.9230769276618958, "loss": 0.07824210205605996, "epoch_time": 2453.429642677307}, "43": {"global_step": 196467, "best_epoch": 24, "acc": 0.7923076748847961, "best_acc": 0.9230769276618958, "loss": 0.06563259096379936, "epoch_time": 2409.5906507968903}, "44": {"global_step": 201036, "best_epoch": 24, "acc": 0.8307692408561707, "best_acc": 0.9230769276618958, "loss": 0.06666845730818981, "epoch_time": 2427.8593389987946}, "45": {"global_step": 205605, "best_epoch": 24, "acc": 0.7923076748847961, "best_acc": 0.9230769276618958, "loss": 0.05420462308101484, "epoch_time": 2435.3602368831635}, "46": {"global_step": 210174, "best_epoch": 24, "acc": 0.8692307472229004, "best_acc": 0.9230769276618958, "loss": 0.05836519915131494, "epoch_time": 2429.79301571846}, "47": {"global_step": 214743, "best_epoch": 24, "acc": 0.8615384697914124, "best_acc": 0.9230769276618958, "loss": 0.05781607980071742, "epoch_time": 2424.1548552513123}, "48": {"global_step": 219312, "best_epoch": 24,